,Postcode,Centroid,School_Name,Address,Location,Distance,Duration
1,3000,-37.817403 144.956776,Ozford College,Levels 7 & 9,-37.81289 144.95442,1.1 km,5 mins
4,3003,-37.810871 144.949592,Simonds Catholic College,273 Victoria Street,-37.80597 144.95288,1.0 km,4 mins
6,3004,-37.844246 144.970161,MacRobertson Girls High School,350-370 Kings Way,-37.83589 144.97186,1.4 km,3 mins
9,3006,-37.82528675 144.9520744,South Melbourne Primary School,129-161 Ferrars Street,-37.82935 144.9535,1.4 km,5 mins
11,3008,-37.814719 144.948039,Docklands Primary School,17 Little Docklands Drive,-37.81271 144.94055,0.9 km,3 mins
16,3011,-37.807101 144.907953,St Monica's School,2 Wingfield Street,-37.80116 144.90684,1.1 km,3 mins
19,3012,-37.807135 144.861162,Corpus Christi School,380 Geelong Road,-37.80853 144.87292,1.5 km,3 mins
21,3013,-37.814183 144.888686,Yarraville West Primary School,30 Powell Street,-37.81475 144.88539,0.7 km,3 mins
29,3015,-37.838242 144.880556,Sacred Heart School,20 Newcastle St,-37.84003 144.8814,0.3 km,1 min
35,3016,-37.863743 144.888461,Bayside P-12 College,29-69 Kororoit Creek Road,-37.8577 144.88521,1.0 km,2 mins
42,3018,-37.86172 144.812736,Mount St Joseph Girls' College,133 Maidstone Street,-37.8639 144.81167,0.3 km,1 min
48,3019,-37.784683 144.854014,Caroline Chisholm Catholic College,204 Churchill Avenue,-37.78586 144.8501,1.0 km,3 mins
50,3020,-37.777204 144.829945,Albion Primary School,61-81 Adelaide Street,-37.77808 144.81975,1.1 km,2 mins
67,3021,-37.743361 144.796693,St Albans Primary School,39 West Esplanade,-37.73875 144.79577,0.6 km,2 mins
84,3022,-37.795937 144.793961,Ardeer Primary School,Suspension Street,-37.78107 144.80049,3.1 km,7 mins
100,3023,-37.78272 144.770641,Southern Cross Grammar,2-20 Lancefield Drive,-37.71396 144.7396,10.1 km,15 mins
101,3024,-37.75045631 144.649936,Iramoo Primary School,261 - 269 Mcgrath Road,-37.89587 144.62857,20.7 km,26 mins
107,3025,-37.835562 144.839704,Emmanuel College,423 Blackshaws Road,-37.83162 144.84239,0.7 km,1 min
110,3026,-37.91624 144.64209,St Lawrence Catholic Primary School,93A Capesthorne Drive,-37.79068 144.76052,28.1 km,27 mins
111,3028,-37.875066 144.777165,Altona Meadows Primary School,78-88 Alma Avenue,-37.86869 144.77973,0.9 km,2 mins
126,3029,-37.837165 144.705831,Truganina P-9 College,55 Clearwood Drive,-37.83877 144.71909,1.6 km,4 mins
149,3030,-37.91624 144.64209,Riverwalk Primary School,56 Timbarra Avenue,-37.92103 144.63933,1.3 km,3 mins
171,3031,-37.79119 144.923403,Kensington Primary School,62-74 McCracken Street,-37.79267 144.92762,0.9 km,4 mins
181,3032,-37.774486 144.897221,Maribyrnong Secondary College,Gordon Strret,-37.77952 144.88824,1.5 km,4 mins
187,3033,-37.74107 144.857638,St Peter's School,2A Parkside Avenue,-37.74424 144.85942,0.7 km,2 mins
189,3034,-37.761235 144.86194,St Martin de Porres School,158 Military Road,-37.75847 144.86162,0.9 km,3 mins
193,3036,-37.705324 144.82246,Overnewton Anglican Community College,2-50 Overnewton Road,-37.70656 144.82318,0.4 km,2 mins
195,3037,-37.715579 144.780474,Mackellar Primary School,29-35 Goldsmith Avenue,-37.71723 144.77753,0.4 km,1 min
207,3038,-37.700454 144.766873,Taylors Lakes Secondary College,1-39 Parmelia Drive,-37.70741 144.7944,4.3 km,8 mins
210,3039,-37.766184 144.922995,Moonee Ponds Primary School,87 Wilson Street,-37.76334 144.93299,1.3 km,4 mins
219,3040,-37.751845 144.902556,Resurrection House,6 Aberfeldie Street,-37.75665 144.9052,0.8 km,2 mins
222,3041,-37.72674618 144.9011039,Essendon North Primary School,112 Keilor Road,-37.74152 144.90319,5.1 km,11 mins
228,3042,-37.727529 144.866305,Niddrie Primary School,25 Watt Street,-37.73085 144.87843,1.5 km,3 mins
236,3043,-37.691916 144.888368,School of the Good Shepherd,88 South Circular Road,-37.69303 144.88946,0.3 km,2 mins
242,3044,-37.731138 144.936356,St Oliver Plunkett's School,1-39 Landells Road,-37.73089 144.94186,0.6 km,2 mins
248,3046,-37.706578 144.927968,Glenroy Central Primary School,10 Logan Street,-37.70428 144.92504,0.6 km,2 mins
254,3047,-37.681105 144.930247,Broadmeadows Primary School,62-70 Blair Street,-37.68019 144.92849,0.6 km,1 min
268,3048,-37.653917 144.923609,Bethal Primary School,26-52 Eldorado Crescent,-37.6592 144.91782,1.2 km,3 mins
272,3049,-37.673182 144.888492,Westmeadows Primary School,34-46 Riddell Street,-37.67565 144.8957,1.3 km,3 mins
273,3051,-37.8006 144.943559,North Melbourne Primary School,210 Errol Street,-37.79873 144.95064,1.1 km,4 mins
278,3052,-37.788996 144.948903,Royal Childrens Hospital Education Institute,"Suite 1.4, Level 1",-37.79435 144.95097,1.6 km,3 mins
281,3053,-37.803569 144.966112,Carlton Gardens Primary School,215 Rathdowne Street,-37.80205 144.96951,0.5 km,2 mins
285,3054,-37.786971 144.96724,Princes Hill Secondary College,47 Arnold Street,-37.78348 144.96503,0.9 km,4 mins
289,3055,-37.763584 144.942222,St Joseph's School,185 Hope Street,-37.76229 144.94298,0.2 km,2 mins
290,3056,-37.766292 144.960108,Sydney Road Community School,350 Sydney Road,-37.76969 144.96188,0.6 km,3 mins
294,3057,-37.770012 144.97728,Brunswick East Primary School,195a Stewart Street,-37.76527 144.98,0.9 km,3 mins
296,3058,-37.739901 144.964524,Coburg Primary School,92 Bell Street,-37.7413 144.96821,0.5 km,2 mins
307,3059,-37.639887 144.879626,Greenvale Primary School,12-24 Bradford Avenue,-37.63983 144.88618,1.9 km,5 mins
318,3060,-37.707326 144.967874,Darul Ulum College of Victoria,17 Baird Street,-37.70518 144.97169,0.5 km,2 mins
319,3061,-37.666265 144.956763,Campbellfield Heights Primary School,1-13 Laurel Crescent,-37.67433 144.96587,1.8 km,3 mins
340,3064,-37.546522 144.942199,Oscar Romero Catholic Primary School,1 MacKillop Street,-37.58197 144.8961,10.9 km,15 mins
343,3065,-37.802608 144.977795,Academy of Mary Immaculate,88 Nicholson Street,-37.80371 144.97441,0.5 km,2 mins
346,3066,-37.804846 144.986906,Collingwood English Language School,19 Cambridge Street,-37.80784 144.9848,0.5 km,2 mins
349,3067,-37.803515 144.998203,Sophia Mundi Steiner School,1 St Heliers Street,-37.80366 145.00522,0.9 km,5 mins
355,3068,-37.790974 144.98622,St John's School,77 Queens Parade,-37.79034 144.98822,0.7 km,2 mins
362,3070,-37.774064 144.999745,St Joseph's School,39 James Street,-37.77462 144.99672,0.4 km,2 mins
364,3071,-37.759426 145.007006,Wales Street Primary School,Wales Street,-37.76151 145.00883,0.4 km,1 min
380,3072,-37.74247 145.005702,Preston High School,2-16 Cooma Street,-37.74169 145.0064,0.1 km,1 min
385,3073,-37.712474 145.005955,Reservoir Primary School,Duffy Street,-37.71142 145.00677,0.5 km,1 min
399,3074,-37.684684 145.006644,Thomastown Primary School,10 Spring Street,-37.68227 145.0115,1.0 km,2 mins
410,3075,-37.66607 145.002679,Lalor Gardens Primary School,134 Kingsway Drive,-37.66369 145.00135,0.7 km,1 min
418,3076,-37.643598 145.022137,Epping Primary School,805 High Street,-37.64485 145.02559,0.5 km,1 min
425,3078,-37.778298 145.025853,Fairfield Primary School,Langridge Street,-37.77799 145.0204,0.7 km,3 mins
431,3079,-37.772675 145.048573,Ivanhoe Grammar School,The Ridgeway,-37.77252 145.04448,0.5 km,1 min
436,3081,-37.743008 145.046401,St Pius X School,431 Waterdale Road,-37.74692 145.04629,0.5 km,1 min
441,3082,-37.664858 145.065658,Mill Park Secondary College,9 - 25 Moorhead Drive,-37.66416 145.06341,0.4 km,1 min
450,3083,-37.701346 145.056223,St Damian's School,5 Settlement Road,-37.69849 145.05722,1.5 km,4 mins
455,3084,-37.744406 145.082685,Banyule Primary School,Banyule Road,-37.74361 145.07794,1.0 km,2 mins
463,3085,-37.724398 145.06988,Macleod College,Carwarp Street,-37.72475 145.07222,0.5 km,2 mins
465,3087,-37.711787 145.082426,Watsonia Primary School,Nell Street West,-37.70703 145.08692,0.9 km,3 mins
468,3088,-37.700175 145.108339,Greensborough Primary School,130 Grimshaw Street,-37.70357 145.1005,1.6 km,5 mins
479,3089,-37.667713 145.150369,Diamond Creek Primary School,17 Clyde Street,-37.67185 145.15165,0.7 km,2 mins
483,3091,-37.637478 145.136688,Yarrambat Primary School,552 Yan Yean Road,-37.64124 145.1331,0.8 km,2 mins
484,3093,-37.73919 145.115208,Lower Plenty Primary School,126-144 Main Road,-37.72617 145.1155,2.1 km,3 mins
485,3094,-37.719759 145.124727,Montmorency Primary School,60a Rattray Road,-37.71765 145.1216,0.4 km,1 min
497,3095,-37.713299 145.158579,Our Lady Help of Christians School,1-13 Henry Street,-37.71612 145.14791,1.3 km,3 mins
500,3096,-37.670851 145.185826,Wattle Glen Primary School,16-24 Reynolds Road,-37.66884 145.18204,1.0 km,2 mins
501,3097,-37.695254 145.224204,Kangaroo Ground Primary School,Cr Graham&Eltham-Yarra Glen Rd,-37.69174 145.21466,1.4 km,3 mins
504,3099,-37.592101 145.192854,Strathewen Primary School,5 School Ridge Road,-37.54758 145.27009,10.7 km,14 mins
511,3101,-37.807397 145.036575,Sacred Heart School,116 Cotham Road,-37.80817 145.03744,0.2 km,1 min
520,3102,-37.793805 145.05219,St Anne's School,7-19 Beresford Street,-37.79538 145.04981,0.5 km,1 min
521,3103,-37.811738 145.074116,Balwyn Primary School,86B Balwyn Road,-37.81394 145.08138,0.8 km,2 mins
526,3104,-37.793695 145.081714,Balwyn North Primary School,Buchanan Avenue,-37.7967 145.07704,0.7 km,2 mins
534,3105,-37.772477 145.084806,Marcellin College,160 Bulleen Road,-37.77478 145.08268,1.3 km,5 mins
536,3106,-37.758335 145.142675,Templestowe Park Primary School,399-409 Church Road,-37.75627 145.14326,0.3 km,1 min
539,3107,-37.765225 145.110677,Templestowe Valley Primary School,15 Birchwood Avenue,-37.76061 145.10938,0.8 km,2 mins
543,3108,-37.786429 145.125797,Doncaster Primary School,2 - 12 Council Street,-37.7868 145.12967,0.5 km,1 min
548,3109,-37.784786 145.161649,Donburn Primary School,Colchester Drive,-37.78746 145.16552,0.7 km,2 mins
554,3111,-37.794054 145.186334,Donvale Primary School,Elata Street,-37.80041 145.17378,1.8 km,4 mins
559,3113,-37.752123 145.204689,Andersons Creek Primary School,36-42 Drysdale Road,-37.74822 145.20768,1.0 km,3 mins
561,3114,-37.778595 145.212599,Park Orchards Primary School,1-3 Bowmore Avenue,-37.77952 145.21592,0.7 km,1 min
563,3115,-37.736734 145.267586,Wonga Park Primary School,Dudley Road,-37.73064 145.274,1.1 km,3 mins
564,3116,-37.737629 145.313086,Chirnside Park Primary School,66 Kimberley Drive,-37.75007 145.31134,3.1 km,5 mins
574,3121,-37.823303 145.001788,Ignatius Learning Centre,326 Church Street,-37.82191 144.99848,0.7 km,3 mins
576,3122,-37.822725 145.030602,Glenferrie Primary School,78 - 98 Manningtree Road,-37.82405 145.03397,0.4 km,1 min
587,3123,-37.829752 145.049415,SEDA College (Victoria),"Level 2, 415 Riversdale Road",-37.83071 145.05401,0.6 km,2 mins
588,3124,-37.840867 145.068191,Camberwell Primary School,290 Camberwell Road,-37.83268 145.05805,1.3 km,3 mins
592,3125,-37.851305 145.101,Wattle Park Primary School,225 Warrigal Road,-37.84264 145.09737,1.4 km,3 mins
597,3126,-37.827203 145.075748,Camberwell High School,Prospect Hill Road,-37.83015 145.07282,0.5 km,1 min
602,3127,-37.825173 145.097236,Surrey Hills Primary School,2 Beatrice Avenue,-37.82553 145.1009,0.5 km,2 mins
611,3128,-37.828866 145.122393,Kingswood College,355 Station Street,-37.83278 145.11863,0.8 km,3 mins
612,3129,-37.806965 145.125084,Box Hill North Primary School,Elizabeth Street,-37.80079 145.12331,1.2 km,3 mins
617,3130,-37.81805 145.149653,Blackburn Primary School,185 Surrey Road,-37.81657 145.1567,0.8 km,3 mins
630,3131,-37.817798 145.174489,Nunawading Christian College-Primary,Laughlin Ave,-37.82192 145.17005,1.1 km,3 mins
636,3132,-37.819222 145.196686,St John's School,490 Whitehorse Road,-37.81744 145.1904,0.8 km,3 mins
641,3133,-37.848786 145.192303,Vermont Secondary College,27 - 63 Morack Road,-37.84412 145.1997,1.1 km,3 mins
652,3134,-37.823058 145.257929,Ringwood Secondary College,Bedford Road,-37.81661 145.23915,2.5 km,4 mins
658,3135,-37.819594 145.248209,Eastwood Primary School,49a Alexandra Road,-37.81724 145.25295,0.7 km,2 mins
672,3136,-37.779876 145.282396,Croydon Community School,61-77 Croydon Road,-37.78935 145.28126,1.5 km,4 mins
680,3137,-37.819364 145.313346,Ghilgai School,295 Liverpool Road,-37.82914 145.31893,1.7 km,4 mins
688,3138,-37.78391 145.322794,Yarra Hills Secondary College,16 Reay Road,-37.78934 145.31618,1.3 km,3 mins
696,3139,-37.814506 145.532666,Seville Primary School,639 Warburton Highway,-37.77389 145.46441,11.0 km,12 mins
705,3140,-37.759154 145.363185,Cire Community School | Cire Training,211 Main Street,-37.7574 145.35054,1.4 km,3 mins
707,3141,-37.840679 144.991264,South Yarra Primary School,601 Punt Road,-37.84135 144.98562,0.7 km,3 mins
713,3142,-37.84411 145.017732,Toorak Primary School,Canterbury Road,-37.84508 145.00991,1.0 km,3 mins
718,3143,-37.858918 145.019393,Lauriston Girls' School,38 Huntingtower Road,-37.85232 145.02509,1.1 km,3 mins
720,3144,-37.857443 145.034127,Malvern Central School,Spring Road,-37.85601 145.0344,0.2 km,1 min
727,3145,-37.873557 145.049328,St Mary's School,91 Manning Road,-37.87302 145.05292,0.4 km,1 min
731,3146,-37.857116 145.057833,Korowa Anglican Girls' School,10 - 16 Ranfurlie Crescent,-37.86145 145.05464,0.9 km,4 mins
740,3147,-37.867864 145.092946,St Michael's School,268 High Street,-37.86413 145.08248,1.2 km,3 mins
742,3148,-37.882562 145.090149,Salesian College Chadstone,10 Bosco Street,-37.88273 145.10026,1.3 km,3 mins
744,3149,-37.880748 145.128118,Mount Waverley Primary School,37-45 Park Lane,-37.88127 145.12411,0.5 km,1 min
758,3150,-37.914383 145.168834,Brandon Park Primary School,1-5 Ninevah Crescent,-37.91432 145.17325,0.7 km,2 mins
775,3151,-37.85523 145.151119,Burwood East Primary School,Cnr Blackburn And Highbury Rds,-37.85973 145.15181,0.9 km,3 mins
789,3152,-37.864951 145.221695,The Knox School,220 Burwood Highway,-37.86547 145.2192,0.6 km,1 min
797,3153,-37.845116 145.270141,Our Lady of Lourdes School,23 Orange Grove,-37.84898 145.26576,0.9 km,2 mins
799,3154,-37.856009 145.31784,St Bernadette's Catholic Primary School,1264 Mountain Highway,-37.8539 145.31084,0.7 km,1 min
801,3155,-37.861799 145.284418,Boronia West Primary School,25 Tormore Road,-37.85856 145.27848,1.0 km,2 mins
810,3156,-37.917932 145.292895,Fairhills Primary School,Manuka Drive,-37.8696 145.2648,10.5 km,15 mins
819,3158,-37.910077 145.324468,Upwey South Primary School,91 Morris Road,-37.91314 145.32684,0.7 km,1 min
822,3159,-37.921894 145.3892,Selby Primary School,2 Morley Street,-37.91143 145.36752,2.8 km,4 mins
824,3160,-37.935097 145.350821,Belgrave South Primary School,175 Colby Drive,-37.9312 145.35792,1.3 km,3 mins
828,3161,-37.873733 145.019929,Caulfield Junior College,186 Balaclava Road,-37.87211 145.02156,0.3 km,1 min
833,3162,-37.892139 145.023394,Japanese School of Melbourne,6 Ellington Street,-37.89244 145.0194,0.4 km,2 mins
835,3163,-37.896497 145.057237,Carnegie Primary School,51 Truganini Road,-37.89074 145.0545,0.8 km,2 mins
844,3165,-37.922369 145.059426,Bentleigh Secondary College,Vivien St,-37.92736 145.0598,0.7 km,2 mins
850,3166,-37.902805 145.089719,Sacred Heart Girls' College,113 Warrigal Road,-37.90216 145.08608,0.3 km,1 min
855,3167,-37.923345 145.087614,South Oakleigh Secondary College,Bakers Road,-37.92232 145.08977,0.7 km,2 mins
856,3168,-37.91342 145.12665,Clayton North Primary School,1714 Dandenong Road,-37.91194 145.12267,0.4 km,1 min
860,3169,-37.945149 145.115271,Clayton South Primary School,539 Clayton Road,-37.94048 145.11644,0.5 km,1 min
867,3170,-37.920945 145.167859,Albany Rise Primary School,74-82 Albany Drive,-37.92812 145.17289,1.8 km,3 mins
872,3171,-37.944608 145.156783,Springvale Park Special Developmental School,13-15 Sandown Road,-37.94936 145.15431,1.0 km,3 mins
878,3172,-37.975981 145.13465,Dingley Primary School,111-115 Centre Dandenong Road,-37.9826 145.1325,0.9 km,2 mins
886,3173,-38.006771 145.164863,Keysborough Gardens Primary School,10 Homeleigh Road,-38.00951 145.16132,0.8 km,2 mins
899,3174,-37.966218 145.17877,Noble Park Secondary College,3 Callaghan Street,-37.97021 145.18237,0.8 km,2 mins
906,3175,-38.016114 145.208504,Emerson School,1430 Heatherton Road,-37.96986 145.2081,10.0 km,15 mins
918,3177,-37.990985 145.237462,Holy Family School,100 Power Road,-37.9905 145.23863,0.5 km,1 min
924,3178,-37.924431 145.241589,St Simon's School,2 Taylors Lane,-37.92568 145.24533,0.7 km,2 mins
925,3179,-37.897137 145.222634,Scoresby Primary School,11 Ingrid Street,-37.89395 145.2275,0.9 km,2 mins
929,3180,-37.893263 145.246731,Carrington Primary School,Laura Road,-37.89148 145.24649,0.3 km,1 min
931,3181,-37.854683 144.995504,Windsor Primary School,12 Hornby Street,-37.8573 144.99569,0.3 km,1 min
935,3182,-37.865322 144.979478,St Kilda Park Primary School,68 Fitzroy Street,-37.85812 144.97779,1.1 km,5 mins
942,3183,-37.869072 144.999026,Yeshivah College,88 Hotham Street,-37.86812 145.00034,0.1 km,1 min
945,3184,-37.881414 144.984034,Elwood College,101 Glenhuntly Road,-37.88232 144.9852,0.2 km,1 min
950,3185,-37.891841 145.002571,Leibler Yavneh College,2 Nagle Avenue,-37.89287 145.00663,1.1 km,3 mins
959,3186,-37.915066 144.996329,Brighton Grammar School,90 Outer Crescent,-37.91111 144.99352,0.7 km,2 mins
961,3187,-37.925371 145.013593,Brighton Secondary College,120 Marriage Road,-37.92016 145.01912,1.1 km,2 mins
964,3188,-37.938889 145.007238,Hampton Primary School,528 Hampton Street,-37.93339 145.00348,1.1 km,3 mins
968,3189,-37.942021 145.047802,Moorabbin Primary School,61 Worthing Road,-37.94202 145.03959,1.0 km,3 mins
973,3190,-37.951394 145.038147,St Agnes' School,Peterson Street,-37.9461 145.03183,1.1 km,2 mins
975,3191,-37.956585 145.013472,Sandringham East Primary School,9 Holloway Road,-37.95667 145.02222,0.8 km,2 mins
983,3192,-37.965655 145.0623,Our Lady of the Assumption School,9 Centre Dandenong Road,-37.9655 145.05971,0.4 km,2 mins
987,3193,-37.978698 145.031561,Beaumaris Secondary College,117 - 136 Reserve Road,-37.9784 145.03408,0.6 km,2 mins
993,3194,-37.985059 145.067356,Kilbreda College,118 Mentone Parade,-37.98415 145.06571,0.2 km,1 min
1006,3195,-38.007024 145.104105,St Brigid's School,129 Albert Street,-38.00804 145.09178,1.5 km,2 mins
1010,3196,-38.046479 145.122762,Chelsea Primary School,34-44 Argyle Ave,-38.05489 145.12231,1.4 km,3 mins
1014,3197,-38.072748 145.134111,Carrum Primary School,2-6 Church Road,-38.07812 145.1267,1.3 km,3 mins
1016,3198,-38.103194 145.137811,Seaford Primary School,Mcrae Street,-38.10444 145.1305,1.1 km,2 mins
1036,3199,-38.162578 145.135961,Frankston High School,97 Foot Street,-38.16219 145.12895,1.1 km,2 mins
1043,3200,-38.126458 145.157574,Mahogany Rise Primary School,23 Jenkens Street,-38.12562 145.1574,0.4 km,1 min
1046,3201,-38.092874 145.177905,Banyan Fields Primary School,90 Cadles Road,-38.0946 145.18791,2.4 km,4 mins
1057,3204,-37.916956 145.036783,St Paul's School,122 Jasper Road,-37.92283 145.04147,1.1 km,4 mins
1061,3205,-37.831693 144.958176,Galilee Regional Catholic Primary School,301-319 Bank Street,-37.83616 144.95481,0.8 km,3 mins
1062,3206,-37.846534 144.95086,Albert Park Primary School,210 Bridport Street,-37.84188 144.95277,0.7 km,2 mins
1068,3207,-37.832179 144.918044,Port Melbourne Secondary College,477 Graham Street,-37.83201 144.93204,1.9 km,3 mins
1069,3211,-37.943586 144.498479,Little River Primary School,21 Flinders Street,-37.96501 144.50037,3.0 km,5 mins
1072,3212,-38.039958 144.422666,Lara Secondary College,34 Alkara Avenue,-38.01818 144.41157,4.8 km,7 mins
1074,3213,-37.9406 144.2894,Anakie Primary School,2125-2135 Ballan Road,-37.91267 144.25511,4.4 km,5 mins
1077,3214,-38.084781 144.352385,St Thomas Aquinas School,51 Plume Street,-38.09017 144.35882,1.6 km,4 mins
1086,3215,-38.111002 144.33452,Holy Family School,143-147 Separation Street,-38.1111 144.33833,0.5 km,1 min
1105,3216,-38.215906 144.334005,Freshwater Creek Steiner School,52 McIntyres Road,-38.26332 144.27974,10.1 km,12 mins
1107,3217,-38.23413976 144.3707843,Armstrong Creek School,100 Central Boulevard,-38.23261 144.36731,0.9 km,2 mins
1118,3218,-38.13028025 144.2894883,Clonard College,225 Church Street,-38.13008 144.33048,5.6 km,7 mins
1127,3219,-38.17277 144.389533,MacKillop Specialist School,25-33 Oxford Street,-38.17432 144.38711,0.6 km,1 min
1129,3220,-38.157038 144.34652,Chilwell Primary School,313a Pakington Street,-38.15511 144.34538,0.3 km,1 min
1142,3221,-38.181608 144.427419,Woodline Primary,405 Barrabool Road,-38.17178 144.28535,14.7 km,21 mins
1147,3222,-38.209921 144.572989,St Thomas Primary School,1-7 Peninsula Drive,-38.18801 144.55617,6.8 km,7 mins
1148,3223,-38.13622989 144.6217267,St Leonards Primary School,1341 Murradoc Road,-38.17184 144.71475,14.2 km,12 mins
1150,3224,-38.202905 144.462401,Leopold Primary School,1 Kensington Road,-38.18726 144.46437,3.7 km,6 mins
1152,3225,-38.271074 144.614191,Point Lonsdale Primary School,22 Bowen Road,-38.27443 144.62113,1.0 km,2 mins
1154,3226,-38.263811 144.523761,Ocean Grove Primary School,1 - 23 Draper Street,-38.26399 144.52185,0.8 km,2 mins
1157,3227,-38.263052 144.40814,Barwon Heads Primary School,Golf Links Road,-38.28119 144.48704,9.0 km,8 mins
1159,3228,-38.307545 144.299978,Torquay P-6 College,45-55 Grossmans Road,-38.32177 144.31231,2.7 km,5 mins
1164,3230,-38.409363 144.176397,Anglesea Primary School,85 Camp Road,-38.39678 144.19184,2.3 km,4 mins
1165,3231,-38.459435 144.106892,Aireys Inlet Primary School,Anderson Street,-38.45737 144.10997,0.6 km,2 mins
1166,3232,-38.544977 143.970167,Lorne P-12 College,15 Grove Road,-38.53918 143.97389,0.9 km,2 mins
1167,3233,-38.679417 143.671777,Apollo Bay P-12 College,20 Pengilley Avenue,-38.75352 143.66051,13.1 km,22 mins
1168,3235,-38.411964 143.924288,Deans Marsh Primary School,30 Deans Marsh-Lorne Road,-38.39988 143.88575,6.2 km,8 mins
1169,3236,-38.521903 143.712384,Forrest Primary School,10 Grant Street,-38.51629 143.71442,0.8 km,2 mins
1170,3238,-38.781787 143.429978,Lavers Hill K-12 College,Great Ocean Road,-38.68184 143.38305,15.7 km,14 mins
1171,3239,-38.564014 143.448102,Carlisle River Primary School,49 Moomowroong Road,-38.56393 143.39503,6.5 km,11 mins
1172,3240,-38.263005 144.174411,Moriac Primary School,785 Hendy Main Road,-38.24139 144.17557,2.4 km,2 mins
1173,3241,-38.20363 143.892824,Winchelsea Primary School,60 Main Street,-38.24449 143.98428,9.6 km,7 mins
1174,3242,-38.346704 143.740326,Birregurra Primary School,58 Beal Street,-38.34046 143.78651,15.0 km,14 mins
1177,3249,-38.388291 143.557159,St Brendan's School,727 Corangamite Lake Road,-38.27065 143.5188,16.0 km,14 mins
1180,3250,-38.311513 143.584742,Colac South West Primary School,238 Wilson Street,-38.34363 143.57203,10.0 km,11 mins
1186,3251,-38.155186 143.648479,Beeac Primary School,35 Lang Street,-38.19397 143.64428,6.7 km,6 mins
1187,3260,-38.209584 143.244766,Camperdown College,1 Wilson Street,-38.23973 143.14544,11.6 km,12 mins
1191,3264,-38.232443 142.884394,St Thomas' School,1 Lyons Street,-38.2398 142.90996,2.8 km,3 mins
1194,3265,-38.178237 142.952372,Noorat Primary School,MacKinnon's Bridge Road,-38.19075 142.92873,2.7 km,2 mins
1195,3266,-38.407094 143.133721,Cobden Primary School,Silvester Street,-38.32712 143.07812,14.4 km,13 mins
1200,3268,-38.535802 142.908911,Timboon P-12 School,Bailey Street,-38.48406 142.97589,12.7 km,14 mins
1201,3272,-37.982186 142.853634,Mortlake P-12 College,10 Hood Avenue,-38.08637 142.80955,16.4 km,14 mins
1203,3276,-38.0538178 142.481806,Woolsthorpe Primary School,12 Manifold Street,-38.18741 142.43176,18.6 km,13 mins
1204,3277,-38.389835 142.660221,Allansford and District Primary School,Frank Street,-38.38628 142.59039,6.7 km,8 mins
1206,3280,-38.37884 142.482889,Warrnambool Primary School,Jamieson Street,-38.37728 142.48257,0.8 km,2 mins
1219,3281,-38.254454 142.630109,Grasmere Primary School,16 Ibbs Lane,-38.28599 142.52288,12.3 km,9 mins
1220,3282,-38.268176 142.351658,Koroit And District Primary School,91 Commercial Road,-38.29244 142.3687,3.8 km,5 mins
1223,3284,-38.270398 142.119266,St Patrick's School,9-11 William Street,-38.38613 142.23167,23.2 km,21 mins
1224,3285,-38.290199 142.058916,Narrawong District Primary School,Princes Highway,-38.25268 141.71658,36.7 km,26 mins
1225,3286,-37.9711005 141.8361176,Macarthur Primary School,23 Russell Street,-38.03088 142.00147,21.2 km,19 mins
1226,3287,-38.059868 142.31953,Hawkesdale P12 College,65 Mitchell Street,-38.10698 142.31917,6.6 km,8 mins
1228,3289,-37.893196 142.227754,St Joseph's School,11 Martin Street,-37.87751 142.28978,7.6 km,10 mins
1229,3294,-37.573978 142.312764,Dunkeld Consolidated School,93 Victoria Valley Road,-37.63898 142.34037,9.0 km,9 mins
1230,3300,-37.743155 142.013356,Hamilton (Gray Street) Primary School,42 Gray Street,-37.74491 142.02138,0.9 km,1 min
1239,3301,-38.118855 142.034141,Tarrington Lutheran School,7901 Hamilton Highway,-37.76623 142.09426,59.2 km,43 mins
1240,3302,-37.847981 141.706379,Branxholme-Wallacedale Community School,103-113 Monroe Street,-37.85635 141.79872,10.5 km,11 mins
1243,3304,-38.182084 141.952156,Heywood District Secondary College,Gorrie Street,-38.12927 141.6205,35.3 km,30 mins
1245,3305,-38.235475 141.437227,Portland North Primary School,42 School Road,-38.31764 141.57233,17.4 km,14 mins
1254,3310,-37.70789 141.549163,Merino Consolidated School,49 Paschendale Road,-37.70637 141.54831,0.2 km,1 min
1256,3311,-37.468159 141.229722,Casterton Secondary College,27 Mt Gambier Road,-37.5888 141.38749,22.5 km,23 mins
1258,3314,-37.586718 141.935665,Cavendish Primary School,8-10 Barker Street,-37.53087 142.03989,17.1 km,16 mins
1259,3315,-37.408371 141.687516,Coleraine Primary School,124 Church Street,-37.60184 141.68404,23.9 km,18 mins
1261,3318,-37.025316 141.269571,Edenhope College,40-48 Lake Street,-37.03343 141.29856,3.3 km,4 mins
1263,3319,-36.873961 141.051389,Apsley Primary School,46 Laidlaw Street,-36.97371 141.08249,12.9 km,12 mins
1264,3321,-38.087758 143.88056,Inverleigh Primary School,54 High Street,-38.10094 144.05469,15.5 km,10 mins
1265,3324,-37.941939 143.375414,Lismore Primary School,77 William Street,-37.9546 143.3393,4.5 km,5 mins
1266,3325,-37.877452 143.185911,Derrinallum P-12 College,Campbell Street,-37.93959 143.21674,10.2 km,9 mins
1267,3328,-38.018664 144.043058,Teesdale Primary School,Main Road,-38.02923 144.05459,2.5 km,4 mins
1268,3329,-37.983701 143.908716,Shelford Primary School,1717 Shelford-Bannockburn Road,-38.01399 143.98214,9.6 km,9 mins
1269,3330,-37.918437 143.758576,Rokewood Primary School,38 Aitchison Street,-37.90366 143.72281,4.1 km,4 mins
1271,3331,-38.049195 144.194625,St Mary MacKillop Catholic Primary School,15 Milton Street,-38.04693 144.1701,2.9 km,5 mins
1272,3332,-37.944446 144.097178,Lethbridge Primary School,2 Stephenson Street,-37.96906 144.13456,5.9 km,7 mins
1273,3333,-37.87179 144.04476,Meredith Primary School,5 Wallace Street,-37.84271 144.07781,5.5 km,6 mins
1274,3335,-37.69608887 144.6698898,Rockbank Primary School,97-105 Westcott Parade,-37.73215 144.6619,5.5 km,7 mins
1275,3336,-37.719 144.6684,Aintree Primary School,11 Timbertop Parade,-37.7238 144.66623,0.9 km,3 mins
1283,3337,-37.65724033 144.5462424,Toolern Vale and District Primary School,361 Creamery Road,-37.60627 144.59423,10.2 km,12 mins
1299,3338,-37.705529 144.571033,St Anthony's School,Wilson Road,-37.70966 144.5729,0.6 km,2 mins
1308,3340,-37.787135 144.394442,Bacchus Marsh College,73 Grant Street,-37.68563 144.43306,14.0 km,13 mins
1311,3341,-37.573711 144.308232,Myrniong Primary School,13 Muddy Lane,-37.61972 144.34632,7.2 km,7 mins
1313,3342,-37.651463 144.239102,St Brigid's School,96 Inglis Street,-37.5999 144.22873,8.0 km,8 mins
1314,3345,-37.5878 144.123664,Gordon Primary School,1 Dicker Street,-37.58385 144.10505,2.1 km,3 mins
1326,3350,-37.571941 143.864505,Sovereign Hill School,39 Magpie Street,-37.57582 143.86526,0.6 km,1 min
1348,3351,-37.758248 143.637463,Woady Yaloak Primary School,50 Becker Street,-37.64352 143.6843,14.8 km,12 mins
1355,3352,-37.482132 143.662387,Miners Rest Primary School,Dundas Street,-37.47788 143.7947,14.4 km,13 mins
1362,3353,-37.7778 144.835743,Mount Clear College,59 Olympic Avenue,-37.60796 143.87667,101 km,1 hour 12 mins
1369,3355,-37.530285 143.82561,Our Lady Help of Christians School,480A Gillies Street,-37.52544 143.82561,0.8 km,2 mins
1375,3356,-37.592283 143.82846,Ballarat Christian College,Yarrowee & Vickers Streets,-37.59292 143.84381,1.5 km,3 mins
1376,3357,-37.653945 143.883416,Buninyong Primary School,202 Simpson Street,-37.65423 143.88625,0.2 km,1 min
1377,3360,-37.72758817 143.5955266,Linton Primary School,28 Adair Street,-37.68407 143.56131,8.6 km,13 mins
1378,3361,-37.752643 143.373089,Skipton Primary School,7 Montgomery Street,-37.68686 143.36816,15.0 km,13 mins
1379,3363,-37.420588 143.88637,Creswick Primary School,67 Napier Street,-37.42411 143.89156,1.1 km,2 mins
1382,3364,-37.334655 143.907186,Newlyn Primary School,2701 Midland Highway,-37.41202 143.98443,15.5 km,14 mins
1383,3370,-37.252718 143.815613,Clunes Primary School,Canterbury Street,-37.29075 143.79211,4.9 km,6 mins
1384,3371,-37.196938 143.635622,Talbot Primary School,2 Rowe Street,-37.16865 143.7036,7.0 km,7 mins
1386,3373,-37.457785 143.343429,Trawalla Primary School,11 Trawalla Road,-37.43773 143.46986,13.1 km,12 mins
1388,3374,-37.231524 142.956916,Great Western Primary School,Stephenson Street,-37.14851 142.85173,26.3 km,24 mins
1389,3375,-37.424288 143.143621,Buangor Primary School,26 School Road,-37.36404 143.17502,9.7 km,12 mins
1390,3377,-37.231524 142.956916,Ararat Primary School,70 - 78 Moore Street,-37.28594 142.93731,10.0 km,12 mins
1398,3379,-37.7667 142.6833,Willaura Primary School,14 Warranooke Street,-37.54469 142.73946,28.3 km,22 mins
1400,3380,-37.0666 142.771159,Stawell West Primary School,80-88 Cooper Street,-37.06576 142.77129,0.3 km,1 min
1405,3381,-36.988914 142.7154,Halls Gap Primary School,10-14 School Road,-37.13748 142.51743,31.0 km,26 mins
1407,3384,-36.93829078 143.2173081,Navarre Primary School,High Street,-36.90074 143.11134,12.2 km,15 mins
1409,3387,-36.71744157 142.9814278,Marnoo Primary School,80 Newall Street,-36.67685 142.87035,12.8 km,13 mins
1410,3388,-36.597861 142.693946,Rupanyup Primary School,22 Dyer Street,-36.63222 142.62861,9.9 km,10 mins
1412,3390,-36.583744 142.487468,Our Lady Help of Christians School,15 Munro Street,-36.62268 142.47365,6.7 km,7 mins
1413,3392,-36.34199038 142.6792298,Minyip Primary School,21 Main Street,-36.46271 142.5841,20.4 km,16 mins
1415,3393,-36.257725 142.387341,Warracknabeal Special Developmental School,5 Werrigar Street,-36.25761 142.39075,0.3 km,1 min
1418,3395,-35.918885 142.441984,Beulah Primary School,Henty Highway,-35.94494 142.41826,9.6 km,10 mins
1420,3396,-35.7157 142.329159,St Joseph's School,33 Lascelles Street,-35.72393 142.36219,3.5 km,4 mins
1425,3400,-36.725245 142.203729,St Brigid's College,97 Robinson Street,-36.71731 142.20795,1.4 km,3 mins
1427,3401,-36.881534 141.940832,Laharum Primary School,1574 Northern Grampians Road,-36.94535 142.32331,46.6 km,34 mins
1428,3402,-37.164183 142.666302,Horsham College,310 Baillie Street,-36.71166 142.1841,83.4 km,1 hour 0 mins
1429,3407,-37.298061 141.948371,Balmoral K-12 Community College,1831 Harrow Balmoral Road,-37.24056 141.82737,16.6 km,15 mins
1430,3409,-36.72484337 141.8632367,Natimuk Primary School,38 Old Noradjuha Road,-36.74124 141.9505,12.3 km,11 mins
1431,3412,-36.658804 141.366071,Goroke P-12 College,55 Natimuk-Frances Road,-36.71579 141.48354,18.1 km,21 mins
1434,3414,-36.388628 142.093883,St Peter's Lutheran School,6-26 Horsham Road,-36.45706 142.03758,10.4 km,10 mins
1437,3418,-36.074144 141.538074,Nhill Lutheran School,2 Mackay St,-36.32773 141.66215,42.9 km,33 mins
1438,3419,-36.226015 141.101929,Kaniva College,2 Farmers Street,-36.38272 141.24485,31.1 km,27 mins
1439,3423,-36.13191 141.940764,Jeparit Primary School,Sands Avenue,-36.14134 141.98405,5.3 km,6 mins
1440,3424,-35.727789 141.930872,Rainbow P-12 College,17 Albert Street,-35.89447 141.9967,23.6 km,28 mins
1441,3427,-37.643461 144.707974,Diggers Rest Primary School,Plumpton Road,-37.62263 144.70923,2.7 km,4 mins
1444,3429,-37.56762 144.728973,Kismet Park Primary School,Mcewen Drive,-37.56525 144.72867,0.3 km,1 min
1456,3431,-37.474551 144.69202,Riddells Creek Primary School,69-77 Main Road,-37.46122 144.67978,3.5 km,5 mins
1457,3432,-37.448455 144.792581,Bolinda Primary School,1 Mullalys Road,-37.43373 144.7454,5.9 km,7 mins
1458,3434,-37.35388 144.750796,Romsey Primary School,2-56 Station Street,-37.35418 144.74538,1.6 km,4 mins
1460,3435,-37.179453 144.743358,St Mary's School,2 Raglan Street,-37.27876 144.73173,12.0 km,9 mins
1461,3437,-37.501619 144.513018,Gisborne Primary School,41 Prince Street,-37.49086 144.58844,10.1 km,11 mins
1466,3438,-37.457528 144.602032,Holy Cross Primary School,158 Hamilton Road,-37.45589 144.59778,0.4 km,1 min
1468,3440,-37.413377 144.546151,Macedon Primary School,67 Smith Street,-37.41869 144.56268,2.0 km,2 mins
1470,3441,-37.399224 144.603892,Mount Macedon Primary School,641 Mount Macedon Road,-37.40479 144.58413,5.8 km,14 mins
1471,3442,-37.330661 144.548846,Woodend Primary School,146 High Street,-37.35342 144.53294,14.0 km,11 mins
1476,3444,-37.171788 144.544716,Kyneton Primary School,49-79 Edgecombe Street,-37.24889 144.46269,14.4 km,14 mins
1483,3446,-37.184831 144.374338,Malmsbury Primary School,28 Cameron Street,-37.18732 144.38694,1.6 km,3 mins
1484,3447,-37.157744 144.322487,Taradale Primary School,98 High Street,-37.14131 144.35106,4.3 km,7 mins
1485,3448,-37.075364 144.387629,Elphinstone Primary School,26 Wright Street,-37.105 144.3329,9.8 km,10 mins
1490,3450,-37.061635 144.214903,St Mary's School,84 Templeton Street,-37.06396 144.22096,0.7 km,3 mins
1492,3451,-37.125338 144.21419,Chewton Primary School,1 Hunter Street,-37.08233 144.26116,12.4 km,13 mins
1495,3453,-36.950365 144.281488,Harcourt Valley Primary School,3 Wilkinson Street,-37.00297 144.25723,8.2 km,8 mins
1496,3458,-37.424116 144.33471,Trentham District Primary School,8 Bridge Street,-37.38797 144.3281,5.3 km,9 mins
1497,3460,-37.351704 144.144216,Daylesford Primary School,102-128 Vincent Street,-37.3451 144.14156,1.1 km,3 mins
1500,3461,-37.287848 144.170995,Yandoit Primary School,74 High Street,-37.214 144.08844,13.7 km,13 mins
1504,3462,-37.083561 144.053611,Newstead Primary School,28 Lyons Street,-37.10592 144.06719,3.4 km,3 mins
1505,3463,-36.957983 144.05651,Maldon Primary School,109 High Street,-36.99504 144.06581,5.2 km,5 mins
1506,3464,-37.019811 143.841414,Carisbrook Primary School,2  Camp Street,-37.05206 143.81266,5.3 km,7 mins
1509,3465,-37.021478 143.611335,Maryborough Education Centre,102 - 192 Balaclava Road,-37.04216 143.72287,12.1 km,11 mins
1512,3467,-37.105993 143.412675,Avoca Primary School,118 Barnett Street,-37.0845 143.47565,7.3 km,10 mins
1513,3468,-37.261481 143.379493,Amphitheatre Primary School,16 School Road,-37.18413 143.39924,11.5 km,11 mins
1514,3472,-36.864952 143.657638,Dunolly Primary School,8 Elgin Street,-36.85155 143.73358,7.5 km,6 mins
1515,3475,-36.70633 143.51213,Bealiba Primary School,9 Grant Street,-36.78994 143.5519,11.0 km,12 mins
1519,3478,-36.688551 143.230699,St Patrick's School,Wattle Street,-36.61708 143.24686,10.9 km,18 mins
1521,3480,-36.31227 142.968057,Donald High School,2-16 Camp Street,-36.37078 142.97396,8.7 km,13 mins
1523,3483,-35.901765 142.890804,Birchip P-12 School,43-47 Campbell Street,-35.98438 142.90994,10.5 km,9 mins
1524,3489,-35.332477 142.425302,Tempy Primary School,13 Harrison Street,-35.34395 142.42708,2.5 km,3 mins
1525,3490,-35.62103426 141.4849679,Ouyen P-12 College,1-35 Fuller Street,-35.06457 142.32261,170 km,2 hours 12 mins
1526,3494,-34.486406 142.348315,Nangiloc Colignan and District Primary School,2612 Kulkyne Way,-34.47385 142.35779,3.0 km,5 mins
1532,3496,-34.287804 142.144177,St Joseph's School,17 Fitzroy Avenue,-34.30235 142.18796,5.4 km,6 mins
1535,3498,-34.238385 142.172516,Irymple Secondary College,975 - 1011  Karadoc Ave,-34.23233 142.1647,1.3 km,2 mins
1544,3500,-34.1931 142.154161,St Joseph's College Mildura,154 Twelfth Street,-34.18872 142.15346,0.8 km,2 mins
1548,3501,-34.243279 142.100896,Nichols Point Primary School,110 Koorlong Avenue,-34.2088 142.20464,13.6 km,15 mins
1551,3505,-34.180532 142.004192,The Lake Primary School,225 Seventeenth Street,-34.20592 142.09314,10.4 km,9 mins
1554,3509,-35.155031 141.680385,Underbool Primary School,67 Cotter Street,-35.17057 141.81405,15.5 km,12 mins
1555,3512,-35.39199 141.121226,Murrayville Community College,20 Francis Street,-35.26557 141.17734,22.4 km,24 mins
1556,3515,-36.729444 144.062915,Marong Primary School,2 Leslie Street,-36.73568 144.13537,8.3 km,8 mins
1557,3516,-36.607616 144.041722,Bridgewater Primary School,34 - 44 Eldon Street,-36.6031 143.94592,9.2 km,7 mins
1558,3517,-36.483116 143.886832,Inglewood Primary School,77 Sullivan Street,-36.57394 143.87045,14.4 km,15 mins
1560,3518,-36.474937 143.586215,Wedderburn College,15-29 Hospital Street,-36.41702 143.61877,9.0 km,9 mins
1561,3521,-37.090071 144.912693,Pyalong Primary School,10-14 Bourke Street,-37.11724 144.85709,9.9 km,11 mins
1562,3522,-37.050037 144.747197,Tooborac Primary School,5185 Northern Highway,-37.03978 144.79814,6.9 km,11 mins
1564,3523,-36.837461 144.768359,Holy Rosary School,18 Pohlman Street,-36.91768 144.70111,23.7 km,23 mins
1566,3525,-36.2835 143.364316,St Joseph's School,Watson Street,-36.27177 143.35105,2.5 km,6 mins
1567,3527,-36.07096 143.241334,Wycheproof P-12 College,7-21 McKenzie Crescent,-36.0757 143.2291,1.7 km,3 mins
1568,3529,-35.824259 143.232677,Nullawil Primary School,Church Street,-35.85273 143.17912,10.0 km,9 mins
1569,3537,-36.079335 143.744455,Boort District P-12 School,9 - 27 Malone Street,-36.11022 143.72695,4.7 km,5 mins
1570,3544,-35.51717216 143.1754083,Ultima Primary School,Cnr Cameron & O'Connor Street,-35.47623 143.26617,11.7 km,11 mins
1571,3546,-35.060163 142.850456,Manangatang P-12 College,4105 Mallee Highway,-35.05623 142.88488,4.0 km,5 mins
1573,3549,-34.766049 142.820973,St Mary's School,12 Watkin Street,-34.58471 142.77851,24.0 km,19 mins
1587,3550,-36.764269 144.285267,St Joseph's School,Gladstone Street,-36.76942 144.27835,0.9 km,2 mins
1602,3551,-36.78137 144.457937,Eppalock Primary School,149 Patons Road,-36.84177 144.38773,11.7 km,9 mins
1610,3555,-36.777226 144.245239,Golden Square Primary School,19 - 31  Maple Street,-36.7706 144.2573,1.6 km,3 mins
1614,3556,-36.656422 144.178282,Eaglehawk Primary School,Church St,-36.72058 144.25426,11.4 km,11 mins
1618,3557,-36.63511 144.576787,Goornong Primary School,26 Grant Street,-36.617 144.50468,7.7 km,10 mins
1619,3558,-36.51553 144.638363,Elmore Primary School,36 Michie Street,-36.4972 144.60891,6.0 km,7 mins
1621,3559,-36.570077 144.805307,Colbinabbin Primary School,56 Mitchell Street,-36.58988 144.80166,2.8 km,3 mins
1622,3561,-36.321109 144.709543,Rochester Primary School,2 George Street,-36.3546 144.698,10.3 km,13 mins
1626,3563,-36.256251 144.515589,Lockington Consolidated School,20 Burns Street,-36.26577 144.53664,3.8 km,6 mins
1632,3564,-36.18096611 144.6014151,St Mary's School,15-33 Bridlington Ave,-36.13426 144.72583,19.0 km,18 mins
1635,3566,-35.945748 144.383334,Gunbower Primary School,School Road,-35.95463 144.37232,2.8 km,4 mins
1636,3567,-35.931669 144.262942,Leitchville Primary School,2-4 Hawken Street,-35.90955 144.30209,5.2 km,4 mins
1637,3568,-35.809462 144.184089,Cohuna Consolidated School,Mead St,-35.80632 144.21342,5.3 km,6 mins
1640,3570,-36.515303 144.28053,Raywood Primary School,18-22 Sandhurst Street,-36.53947 144.2048,7.6 km,6 mins
1641,3571,-36.36819 144.206865,East Loddon P-12 College,793 Dingee Road,-36.37222 144.14145,6.5 km,6 mins
1643,3575,-36.055725 144.159028,St Patrick's School,5 Victoria Street,-36.05485 144.11184,4.6 km,4 mins
1649,3579,-35.767974 143.769445,Kerang Christian College,98 Wyndham Street,-35.73042 143.91342,15.6 km,12 mins
1650,3580,-35.639761 144.094672,Koondrook Primary School,9 Punt Road,-35.63487 144.12987,4.0 km,5 mins
1651,3581,-35.628333 143.78521,Lake Charm Primary School,1939 Murray Valley Highway,-35.60664 143.80023,4.3 km,5 mins
1652,3584,-35.431026 143.637617,Lake Boga Primary School,8 Williams Street,-35.46451 143.63207,4.6 km,6 mins
1653,3585,-35.348388 143.336906,Swan Hill Primary School,123 Gray Street,-35.34691 143.54325,25.8 km,19 mins
1660,3588,-35.29429 143.470325,Woorinen District Primary School,49 Palmer Street,-35.29041 143.45374,1.8 km,2 mins
1661,3590,-35.235708 143.493525,Beverford District Primary School,20 School Road,-35.23248 143.47891,3.8 km,5 mins
1662,3595,-35.202752 143.351682,Nyah District Primary School,53-59 Monash Avenue,-35.18608 143.34319,3.2 km,5 mins
1663,3608,-36.740713 145.095753,Nagambie Primary School,31 Goulburn Street,-36.78759 145.15723,10.8 km,13 mins
1665,3610,-36.577628 145.229349,Murchison Primary School,8 - 10 Impey Street,-36.61718 145.21429,4.5 km,5 mins
1667,3612,-36.575936 145.019312,Rushworth P-12 College,45 Heily Street,-36.58332 145.0144,1.6 km,3 mins
1669,3614,-36.479193 145.30098,Toolamba Primary School,69-77 Wren Street,-36.49052 145.34418,5.6 km,6 mins
1671,3616,-36.464118 145.145217,Harston Primary School,155 Harston Road,-36.46986 145.14175,1.3 km,2 mins
1673,3618,-36.37708 145.125014,Merrigum Primary School,Judd Avenue,-36.36932 145.12966,1.8 km,4 mins
1676,3620,-36.284584 145.082735,St Augustine's College,Church Street,-36.30955 145.04471,6.2 km,6 mins
1677,3621,-36.206055 144.961183,Tongala Primary School,28 Miller Street,-36.25215 144.95652,6.3 km,6 mins
1679,3623,-36.461381 144.976813,Stanhope Primary School,48 Midland Highway,-36.4481 144.98802,3.6 km,7 mins
1680,3624,-36.410186 144.965763,Girgarre Primary School,528 Winter Road,-36.39811 144.97376,2.9 km,4 mins
1682,3629,-36.287306 145.260653,Ardmona Primary School,580 Turnbull Road,-36.38546 145.31307,14.5 km,12 mins
1699,3630,-36.380853 145.403176,Shepparton ACE Secondary College,123-129 Maude,-36.37766 145.4017,0.6 km,2 mins
1701,3631,-36.428694 145.526693,Shepparton East Primary School,15 School Road,-36.39993 145.47925,10.6 km,11 mins
1708,3633,-36.307936 145.46296,Congupna Primary School,3580 Katamatite Road,-36.29987 145.43428,3.8 km,3 mins
1711,3634,-36.224186 145.440315,Katandra West Primary School,17-27 Bankin Street,-36.22547 145.56071,16.0 km,14 mins
1712,3635,-36.142596 145.30827,Wunghnu Primary School,Brunton Street,-36.15066 145.4306,12.2 km,12 mins
1714,3636,-36.093878 145.479471,Numurkah Secondary College,104 Tocumwal Road,-36.07995 145.44627,6.4 km,7 mins
1716,3637,-36.050686 145.329026,Waaia Yalca South Primary School,1 Cowan Street,-36.05147 145.32862,83 m,1 min
1718,3638,-36.03202 145.246572,Nathalia Secondary College,41 Chapel Street,-36.0599 145.20844,6.4 km,9 mins
1721,3640,-36.00978 145.486015,Katunga Primary School,24 CARTER STREET,-35.99856 145.45561,4.1 km,5 mins
1722,3641,-35.89718 145.428306,Strathmerton Primary School,Findlay Street,-35.92402 145.47884,7.6 km,8 mins
1726,3644,-35.945353 145.632682,St Joseph's School,1-25 Broadway Street,-35.91707 145.65375,4.9 km,5 mins
1728,3646,-36.247446 145.704042,Dookie Primary School,Baldock Street,-36.33107 145.68279,11.8 km,13 mins
1729,3647,-36.385331 145.704473,Currawa Primary School,2 Ridge Road,-36.38475 145.70379,0.2 km,1 min
1730,3649,-36.082665 145.688671,Katamatite Primary School,4 - 6 Currajong Avenue,-36.07735 145.6853,0.7 km,2 mins
1731,3658,-37.241401 145.111854,Broadford Primary School,17-23 Powlett Street,-37.20257 145.0463,9.1 km,11 mins
1733,3659,-37.110344 145.07088,Tallarook Primary School,52 Main Road,-37.09676 145.10067,5.5 km,6 mins
1734,3660,-37.035925 145.257867,Seymour College,29-47 Stewart Street,-37.02984 145.14112,14.0 km,16 mins
1736,3662,-36.9356483 144.9486555,Puckapunyal Primary School,Alamein Road,-37.00263 145.03351,21.4 km,26 mins
1737,3664,-36.927251 145.298203,Avenel Primary School,40 Anderson Street,-36.90137 145.23472,13.3 km,16 mins
1738,3665,-36.844091 145.357627,Longwood Primary School,1-21 Hurley Street,-36.80793 145.42206,13.1 km,13 mins
1739,3666,-36.786777 145.565512,Euroa Primary School,Clifton Street,-36.75596 145.57208,3.6 km,3 mins
1742,3669,-36.625333 145.708668,Peranbin Primary College,Tulip Street,-36.63424 145.71697,1.6 km,4 mins
1745,3672,-36.554936 145.977761,FCJ College,36 Arundel Street,-36.55277 145.97539,0.4 km,1 min
1749,3673,-36.669929 146.062514,Winton Primary School,Fox Street,-36.51633 146.08134,26.3 km,21 mins
1750,3675,-36.565078 146.266835,Glenrowan Primary School,40 Beaconsfield Parade,-36.46019 146.22234,17.0 km,14 mins
1752,3676,-36.341245 146.338612,"Borinya, Wangaratta Community Partnership",30 College Street,-36.33783 146.30898,5.1 km,7 mins
1754,3677,-36.358017 146.330564,Wangaratta Primary School,19 Chisholm Street,-36.35528 146.32942,0.3 km,1 min
1765,3678,-36.68892 146.482439,Oxley Primary School,1050 Wangaratta-Whitfield Road,-36.44156 146.36064,34.5 km,26 mins
1769,3682,-36.174271 146.428656,Springhurst Primary School,121 Anzac Road,-36.18467 146.4681,4.1 km,4 mins
1771,3683,-36.180787 146.604622,St Joseph's School,142 North Road,-36.14598 146.60706,4.5 km,5 mins
1772,3685,-36.056449 146.470638,Rutherglen Primary School,44 Murray Street,-36.05621 146.46061,0.9 km,2 mins
1775,3687,-36.018771 146.415927,Wahgunyah Primary School,Elizabeth Street,-36.01365 146.39792,1.9 km,2 mins
1777,3688,-36.119195 146.717193,Barnawartha Primary School,11-17 Stanely Street,-36.10131 146.67589,5.5 km,7 mins
1781,3690,-36.135717 146.864361,Melrose Primary School,25 Silva Drive,-36.1305 146.86142,0.8 km,1 min
1792,3691,-36.027154 147.880991,Bethanga Primary School,5 Beardmore Street,-36.12064 147.09576,109 km,1 hour 25 mins
1798,3694,-36.150678 146.919493,Bandiana Primary School,44 Leumeah Road,-36.15296 146.92714,0.8 km,2 mins
1799,3695,-36.304285 147.123674,Upper Sandy Creek Primary School,1037 Sandy Creek Road,-36.35518 147.1129,9.5 km,11 mins
1800,3697,-36.68753 147.17925,Tawonga Primary School,Kiewa Valley Highway,-36.6914 147.14325,5.3 km,6 mins
1802,3699,-36.844307 147.299257,Falls Creek Primary School,15 Slalom Street,-36.86431 147.27976,10.8 km,19 mins
1806,3700,-36.335898 147.35527,Tallangatta Secondary College,145 Towong Street,-36.22044 147.17267,36.5 km,50 mins
1808,3701,-36.638769 147.476819,Mitta Mitta Primary School,27 Giltrap Road,-36.53341 147.37948,20.8 km,28 mins
1810,3707,-36.586316 148.037958,Corryong College,27-45 Towong Road,-36.19294 147.91076,91.8 km,2 hours 0 mins
1812,3709,-36.035908 147.667373,Walwa Primary School,4 Main Street,-35.96423 147.73215,11.3 km,9 mins
1813,3711,-37.41047 145.682161,Buxton Primary School,2208 Maroondah Highway,-37.4214 145.70905,4.1 km,6 mins
1814,3712,-37.3209 145.839057,Rubicon Outdoor School,264 Rubicon Road,-37.29493 145.82134,7.4 km,11 mins
1815,3713,-37.241527 145.90623,Eildon Primary School,45 High Street,-37.23397 145.90676,1.7 km,3 mins
1817,3714,-37.210538 145.687889,Alexandra Secondary College,Downey Street,-37.19449 145.70148,3.9 km,5 mins
1822,3717,-37.286611 145.435776,Sacred Heart School,5 The Parade,-37.21455 145.42461,11.6 km,14 mins
1825,3722,-37.202634 146.253268,St Mary's School,39 Malcolm Street,-37.05835 146.08901,35.3 km,54 mins
1829,3723,-36.894465 146.256507,Merrijig Primary School,1820 Mount Buller Road,-37.1028 146.25688,39.9 km,32 mins
1830,3726,-36.332254 145.960209,Devenish Primary School,76 Main Road,-36.32654 145.89434,7.8 km,6 mins
1831,3728,-36.148922 145.959015,Tungamah Primary School,15 -17 Tower Street,-36.16131 145.87947,9.3 km,7 mins
1832,3730,-36.051782 145.974755,Yarrawonga College P-12,2-24 Pinniger Street,-36.02144 146.00667,5.7 km,7 mins
1835,3732,-36.686814 146.313751,Moyhu Primary School,2799 Wangaratta-Whitfield Road,-36.59317 146.38309,24.2 km,24 mins
1837,3733,-36.812087 146.316338,Whitfield District Primary School,6182 Mansfield Road,-36.76558 146.41206,24.8 km,27 mins
1838,3735,-36.515712 146.603574,Whorouly Primary School,18 Church Street,-36.50544 146.58665,3.1 km,4 mins
1840,3737,-36.554037 146.82759,St Mary's School,43 O'Donnell Avenue,-36.55357 146.72693,14.7 km,17 mins
1842,3740,-36.731686 146.834561,Porepunkah Primary School,2 Martley Street,-36.69949 146.91102,28.5 km,37 mins
1844,3741,-36.962316 147.063163,Harrietville Primary School,165 Great Alpine Road,-36.88771 147.06494,14.5 km,20 mins
1845,3744,-36.788479 146.95979,Wandiligong Primary School,119 School Road,-36.76886 146.98292,5.7 km,13 mins
1846,3747,-36.361056 146.725705,Wooragee Primary School,1011 Beechworth-Wodonga Road,-36.29048 146.73088,13.3 km,13 mins
1851,3749,-36.42031113 146.8638108,Yackandandah Primary School,39 High Street,-36.3121 146.83646,14.6 km,11 mins
1854,3750,-37.596078 145.005578,Edgars Creek Secondary College,2 Steen Avenue,-37.60949 145.00507,1.7 km,4 mins
1858,3752,-37.619102 145.074353,Marymede Catholic College,60 Williamsons Road,-37.64332 145.09103,7.0 km,12 mins
1860,3753,-37.476474 144.959512,Beveridge Primary School,104 Arrowsmith Street,-37.47206 144.97776,2.3 km,6 mins
1870,3754,-37.593554 145.112985,St Paul the Apostle Catholic Primary School,80 Bassetts Road,-37.59693 145.11522,1.5 km,4 mins
1873,3756,-37.41233 144.956641,Upper Plenty Primary School,10 Clarkes Road,-37.42371 145.05787,11.1 km,12 mins
1877,3757,-37.469784 145.182221,Kinglake West Primary School,1041-1061 Whittlesea-Kinglake Rd,-37.4813 145.2596,15.4 km,17 mins
1881,3758,-37.354647 145.052552,Wandong Primary School,43-51 Rail Street,-37.3603 145.02786,4.4 km,7 mins
1882,3759,-37.650385 145.247277,Panton Hill Primary School,585 Kangaroo Grd-St Andrews Rd,-37.64161 145.23956,1.5 km,3 mins
1883,3761,-37.585625 145.292381,St Andrews Primary School,Caledonia Street,-37.60232 145.26983,3.8 km,6 mins
1884,3763,-37.521863 145.353378,Kinglake Primary School,20 Mcmahons Rd,-37.52157 145.35664,0.4 km,1 min
1886,3764,-37.263736 144.900644,Willowmavin Primary School,690 Willowmavin Road,-37.25942 144.88823,1.2 km,1 min
1890,3765,-37.814771 145.346621,Montrose Primary School,17-21 Leith Road,-37.8081 145.34369,1.3 km,3 mins
1892,3767,-37.839387 145.347505,Mount Dandenong Primary School,13 - 15 Farndons Road,-37.83074 145.36217,2.4 km,6 mins
1894,3770,-37.708784 145.416004,Gruyere Primary School,99 Killara Road,-37.73409 145.45039,13.0 km,12 mins
1897,3775,-37.642852 145.365993,Yarra Glen Primary School,35 Symonds Street,-37.6497 145.37241,1.2 km,2 mins
1903,3777,-37.606088 145.513804,Healesville High School,10 Camerons Road,-37.64359 145.53081,11.0 km,17 mins
1906,3779,-37.539267 145.784751,Marysville Primary School,15 Falls Road,-37.51198 145.74894,20.2 km,30 mins
1907,3781,-37.938471 145.487862,Cockatoo Primary School,19-33 Belgrave-Gembrook Road,-37.93937 145.49638,1.4 km,2 mins
1908,3782,-37.938068 145.433024,Emerald Primary School,10 Heroes Avenue,-37.93338 145.44243,1.7 km,4 mins
1912,3783,-37.947379 145.596576,Gembrook Primary School,50 Main Street,-37.95164 145.54532,5.7 km,10 mins
1913,3786,-37.878188 145.332431,Ferny Creek Primary School,School Road,-37.88421 145.33473,0.9 km,2 mins
1915,3787,-37.866786 145.350888,Sherbrooke Community School,311 Mt Dandenong Tourist Road,-37.86824 145.34944,0.3 km,1 min
1916,3788,-37.848036 145.377128,Olinda Primary School,45 Charlemont Lane,-37.8547 145.36619,2.4 km,6 mins
1917,3791,-37.896917 145.379622,Kallista Primary School,72 Monbulk Road,-37.88509 145.37,1.4 km,2 mins
1918,3792,-37.89424 145.405388,The Patch Primary School,53 Kallista-Emerald Road,-37.89242 145.39284,1.8 km,3 mins
1919,3793,-37.874533 145.429715,Monbulk Primary School,1 Main Road,-37.87685 145.41026,2.1 km,4 mins
1923,3795,-37.836663 145.430311,Silvan Primary School,269 Monbulk Road,-37.8246 145.42132,1.8 km,3 mins
1924,3796,-37.786977 145.384922,Mount Evelyn Primary School,33 Monbulk Road,-37.79093 145.38882,0.6 km,1 min
1930,3797,-37.867809 145.786343,Gladysdale Primary School,550 Little Yarra Road,-37.82025 145.65099,14.1 km,13 mins
1934,3799,-37.727566 145.818512,Warburton Primary School,16 Horners Road,-37.7558 145.7017,14.8 km,17 mins
1937,3800,-37.910545 145.134935,John Monash Science School,39 Innovation Walk,-37.91422 145.12869,2.0 km,7 mins
1947,3802,-37.971763 145.255599,St Paul Apostle North School,76 Mossgiel Park Drive,-37.96753 145.26266,1.4 km,3 mins
1948,3803,-38.009435 145.265524,Hallam Primary School,24 Harmer Road,-38.00176 145.25824,1.6 km,3 mins
1950,3804,-37.980059 145.325994,Narre Warren North Primary School,15-31 A'beckett Road,-37.97859 145.31692,1.0 km,2 mins
1967,3805,-38.037026 145.304198,Berry Street Victoria Inc,17 Cranbourne Road,-38.03025 145.30575,0.8 km,1 min
1979,3806,-38.025018 145.349488,St Michael's School,16 Scanlan Street,-38.03382 145.35357,1.6 km,4 mins
1982,3807,-38.048316 145.371635,St Francis Xavier College,4 Beaconsfield Avenue,-38.052 145.37311,0.7 km,2 mins
1983,3808,-38.002518 145.42327,Beaconsfield Upper Primary School,40 Stoney Creek Road,-37.9954 145.41476,3.1 km,5 mins
1986,3809,-38.069094 145.406887,Officer Specialist School,3 Parker Street,-38.07079 145.41131,1.8 km,3 mins
2000,3810,-38.04658 145.472514,Beaconhills College,30-34 Toomuc Valley Road,-38.0619 145.46732,1.9 km,4 mins
2003,3812,-38.070135 145.565304,St James School,60 Nar Nar Goon Road,-38.07303 145.57319,1.6 km,2 mins
2004,3813,-38.064252 145.634339,St Thomas Aquinas College,1 Tynong Road,-38.08322 145.62369,6.6 km,10 mins
2005,3814,-38.10718 145.669112,Garfield Primary School,84 Railway Avenue,-38.09056 145.67415,3.5 km,5 mins
2007,3815,-38.01378 145.726311,Columba Catholic School,28-36 Hope Street,-38.09326 145.71586,10.0 km,11 mins
2009,3816,-38.043542 145.787991,Longwarry Primary School,5 McCrae Street,-38.1141 145.76914,11.8 km,12 mins
2014,3818,-38.096289 145.867337,Drouin South Primary School,3061 Westernport Road,-38.17057 145.82682,11.5 km,13 mins
2027,3820,-38.207476 145.922212,St Angela of the Cross Primary School,181 Mills Road,-38.14153 145.96161,10.3 km,12 mins
2028,3821,-37.919937 145.945214,Buln Buln Primary School,15 Old Sale Road,-38.09935 145.93817,26.1 km,21 mins
2032,3822,-38.194379 145.989901,Darnum Primary School,6 Graham Street,-38.18773 145.9997,1.3 km,1 min
2033,3823,-38.210382 146.065656,Yarragon Primary School,65 Loch Street,-38.20937 146.06096,0.9 km,2 mins
2036,3824,-38.245649 146.16397,Trafalgar High School,70-80 School Road,-38.21457 146.1583,5.6 km,6 mins
2047,3825,-37.978862 146.342932,Rawson Primary School,Knotts Siding Road,-37.95912 146.39897,11.7 km,15 mins
2052,3831,-37.993258 146.013136,Neerim District Secondary College,20 Neerim East Road,-38.01694 145.95668,7.3 km,8 mins
2053,3835,-38.290637 146.175271,Thorpdale Primary School,19 Robinson Street,-38.28846 146.17879,0.5 km,2 mins
2055,3840,-38.245215 146.424457,Morwell Park Primary School,76 - 82 Vary Street,-38.22793 146.42446,10.6 km,11 mins
2062,3842,-38.315452 146.414358,Lumen Christi School,35 Williams Avenue,-38.3164 146.41571,0.7 km,2 mins
2063,3844,-38.316869 146.607101,Traralgon South Primary School,13 - 19 Keith Morgan Drive,-38.29726 146.54015,10.9 km,10 mins
2074,3847,-38.166213 146.772991,Rosedale Primary School,1-23 Cricket Street,-38.1546 146.7739,1.7 km,2 mins
2081,3850,-38.224191 147.106181,Sale College,73-81 Macalister Street,-38.10892 147.06801,13.8 km,12 mins
2086,3851,-38.035548 147.084398,Longford Primary School,6380 South Gippsland Highway,-38.16956 147.08841,16.9 km,16 mins
2092,3854,-38.12413 146.596877,Glengarry Primary School,41 - 45 Cairnbrook Road,-38.12758 146.57134,2.4 km,2 mins
2093,3856,-38.063907 146.672206,Toongabbie Primary School,Victoria Street,-38.05697 146.62518,4.6 km,4 mins
2094,3857,-38.018616 146.694894,Cowwarr Primary School,1- 11 Church Street,-38.0137 146.69896,1.0 km,2 mins
2095,3858,-37.3690401 146.8291658,Heyfield Primary School,22 Temple Street,-37.98211 146.78494,111 km,2 hours 0 mins
2101,3860,-37.571707 146.805175,St Mary's School,4-12 Duke Street,-37.9635 146.97239,141 km,2 hours 46 mins
2102,3862,-37.55304411 147.130018,Stratford Primary School,14 Wellsford Street,-37.96725 147.08539,72.5 km,1 hour 11 mins
2104,3865,-37.796743 147.455946,Lindenow Primary School,140 Henry Street,-37.80088 147.45327,0.7 km,2 mins
2106,3869,-38.364689 146.359836,Yinnar South Primary School,Brewsters Road,-38.36891 146.36481,0.8 km,1 min
2107,3870,-38.437946 146.319351,Boolarra Primary School,Tarwin Street,-38.38287 146.26887,11.5 km,16 mins
2108,3871,-38.42207 146.158866,Mirboo North Primary School,Balook Street,-38.40049 146.15109,4.2 km,5 mins
2110,3873,-38.298267 146.708775,Gormandale And District Primary School,38 Main Street,-38.29418 146.70321,0.7 km,1 min
2111,3874,-38.514438 146.836248,Woodside Primary School,39-41 Prince St,-38.52633 146.87674,5.0 km,5 mins
2112,3875,-37.826032 147.63201,Bairnsdale Primary School,324 Main Street,-37.82742 147.62323,1.1 km,3 mins
2123,3878,-37.898544 147.680121,Eagle Point Primary School,43 School Road,-37.89245 147.68022,1.5 km,2 mins
2124,3880,-37.914728 147.727389,Paynesville Primary School,31 - 47 Ashley Street,-37.91128 147.7147,1.6 km,3 mins
2125,3882,-37.812017 147.764385,Nicholson Primary School,Princes Highway,-37.81578 147.74791,1.7 km,2 mins
2126,3885,-37.01610136 148.0696953,Bruthen Primary School,31 Great Alpine Road,-37.70421 147.83349,143 km,2 hours 16 mins
2129,3886,-37.770977 148.426851,Newmerella Primary School,2-4 McLaughlins Road,-37.73547 148.434,4.4 km,4 mins
2132,3888,-37.39051 148.660943,Orbost North Primary School,Rupert St,-37.69779 148.466,60.0 km,1 hour 1 min
2135,3890,-37.566489 149.217216,Cann River P-12 College,20-24 Tamboon Road,-37.5697 149.15302,6.5 km,6 mins
2136,3896,-37.264671 147.707962,Swifts Creek P-12 School,6840 Great Alpine Road,-37.26684 147.72403,1.7 km,2 mins
2137,3898,-37.066169 147.464799,Omeo Primary School,167 Day Avenue,-37.10022 147.59308,29.0 km,36 mins
2139,3903,-37.811303 147.867533,Swan Reach Primary School,21 School Road,-37.82108 147.86479,2.0 km,4 mins
2140,3904,-37.881041 147.839367,Metung Primary School,90 Stirling Road,-37.88296 147.85246,2.8 km,4 mins
2142,3909,-37.821921 147.970237,Toorloo Arm Primary School,315 Lake Tyers Beach Road,-37.85254 148.05097,10.4 km,10 mins
2147,3910,-38.156369 145.198328,Langwarrin Park Primary School,19-27 Northgateway,-38.15092 145.2025,0.9 km,2 mins
2151,3911,-38.196908 145.169556,Baxter Primary School,Grant Road,-38.19966 145.18155,1.2 km,1 min
2155,3912,-38.217991 145.227373,Pearcedale Primary School,Baxter-tooradin Road,-38.20301 145.23198,2.9 km,5 mins
2159,3913,-38.262273 145.166426,Tyabb Primary School,186 Mornington-Tyabb Road,-38.26071 145.16664,0.2 km,1 min
2163,3915,-38.305806 145.136622,Wallaroo Primary School,Stalwart Avenue,-38.29789 145.17275,5.8 km,9 mins
2166,3918,-38.339871 145.155546,Bittern Primary School,Portsmouth Road,-38.33986 145.17168,1.8 km,3 mins
2167,3919,-38.352327 145.199777,Crib Point Primary School,70 Milne Street,-38.36048 145.20054,2.0 km,5 mins
2171,3922,-38.482182 145.231974,Our Lady Star of the Sea Catholic Primary School,6 Cowes-Rhyll Road,-38.4637 145.2398,2.8 km,3 mins
2172,3923,-38.465552 145.293632,Newhaven College,1770 Phillip Island Road,-38.48834 145.27232,7.0 km,8 mins
2173,3925,-38.528213 145.379683,San Remo Primary School,22 Bergin Grove,-38.52385 145.36945,1.2 km,2 mins
2175,3926,-38.355231 145.094502,Balnarring Primary School,1 Civic Court,-38.37672 145.12282,4.9 km,7 mins
2177,3927,-38.383368 145.153269,Somers School Camp,124 Lord Somers Road,-38.38878 145.14575,2.6 km,6 mins
2181,3930,-38.195017 145.093743,Mount Eliza Secondary College,204 Canadian Bay Road,-38.1897 145.09354,0.6 km,2 mins
2185,3931,-38.230038 145.049503,Mornington Primary School,Vale Street,-38.22181 145.04309,1.7 km,5 mins
2192,3933,-38.261168 145.096992,Moorooduc Primary School,Cnr Derril Rd & Mornington Tyabb Rd,-38.24809 145.10517,2.1 km,4 mins
2195,3934,-38.2783 145.031598,Balcombe Grammar School,389 Nepean Hwy,-38.27325 145.03269,0.9 km,2 mins
2197,3936,-38.326447 145.007626,Peninsula Specialist College,25 Old White Hill Road,-38.34184 145.01011,1.8 km,2 mins
2199,3937,-38.373694 145.01994,Red Hill Consolidated School,341 Arthurs Seat Road,-38.36668 144.99527,2.7 km,4 mins
2201,3939,-38.42776 144.900413,Rosebud Primary School,Point Nepean Road,-38.35576 144.909,10.2 km,12 mins
2205,3940,-38.37363083 144.8754149,Eastbourne Primary School,Allambi Avenue,-38.37376 144.8835,1.9 km,4 mins
2206,3941,-38.396077 144.827203,Rye Primary School,Lyons St,-38.37312 144.82382,4.1 km,4 mins
2208,3943,-38.345527 144.739101,Sorrento Primary School,32 Kerferd Avenue,-38.34148 144.74069,0.6 km,2 mins
2210,3945,-38.381582 145.697053,Loch Primary School,2 Victoria Road,-38.36862 145.70295,2.1 km,3 mins
2213,3950,-38.435217 145.812945,St Joseph's School,1-3 Bridge Street,-38.43604 145.82232,0.9 km,1 min
2214,3951,-38.47372 145.798419,Kongwak Primary School,1445 Wonthaggi Korumburra Road,-38.51511 145.71286,15.2 km,14 mins
2219,3953,-38.460127 145.995174,Mary MacKillop Catholic Regional College,115 Horn Street,-38.46673 145.96354,3.4 km,3 mins
2220,3954,-38.550379 145.937973,Koonwarra Village School,20-26 Koala Drive,-38.54791 145.94392,0.8 km,2 mins
2221,3956,-38.597018 145.955341,Tarwin Lower Primary School,School Road,-38.70257 145.86706,18.3 km,16 mins
2223,3959,-38.734636 146.066529,Fish Creek and District Primary School,10 Foster Road,-38.69475 146.08442,6.6 km,7 mins
2225,3960,-39.140761 146.360412,Foster Secondary College,2-10 Pioneer Street,-38.65174 146.19741,75.5 km,1 hour 31 mins
2226,3962,-38.60357 146.359804,Toora Primary School,5 Harriet Street,-38.66352 146.32799,12.2 km,18 mins
2227,3966,-38.630568 146.436583,Welshpool and District Primary School,5960 South Gippsland Highway,-38.66552 146.43111,6.3 km,8 mins
2229,3975,-38.05354 145.231114,Lyndhurst Primary School,70 Brookwater Parade,-38.07496 145.25408,4.1 km,7 mins
2236,3976,-38.043995 145.264296,St Kevin's School,120 Hallam Road,-38.03932 145.2674,0.9 km,2 mins
2244,3977,-38.1466398 145.2695101,Rangebank Primary School,14-36 Lesdon Avenue,-38.08736 145.27622,10.2 km,13 mins
2264,3978,-38.135009 145.384606,Grayling Primary School,25 Ferdinand Drive,-38.08273 145.37283,10.4 km,16 mins
2272,3980,-38.204448 145.356937,Tooradin Primary School,Bayview Road,-38.20763 145.37849,4.7 km,5 mins
2273,3981,-38.207298 145.575,Koo Wee Rup Primary School,28-34 Moody Street,-38.19483 145.49286,10.4 km,10 mins
2278,3984,-38.312647 145.563979,Bass Valley Primary School,70 Corinella Road,-38.43123 145.48877,19.1 km,15 mins
2279,3987,-38.309048 145.689142,Nyora Primary School,Grundy Avenue,-38.33624 145.67489,5.2 km,8 mins
2280,3988,-38.313447 145.811863,Poowong Consolidated School,5 Gardner Lane,-38.34248 145.7697,8.2 km,10 mins
2281,3992,-38.569135 145.534315,Powlett River Primary School,9 - 21 Bent Street,-38.56035 145.5462,2.0 km,5 mins
2287,3995,-38.578071 145.630713,St Joseph's School,94 Korumburra Road,-38.60086 145.60341,4.2 km,4 mins
2288,3996,-38.629561 145.745609,Inverloch Primary School,Bayview Avenue,-38.6312 145.72862,1.9 km,4 mins
