,Postcode,Centroid,Formal Name,Location Address,Suburb,Latitude and longitude
0,3000,-37.817403 144.956776,Melbourne Endoscopy Group DPC,34/517 St Kilda Road,Melbourne,"-37.8445923,144.9793406"
1,3000,-37.817403 144.956776,Melbourne Oral and Facial Surgery Pty Ltd,"Level 12, 63 Exhibition Street",Melbourne,"-37.8144815,144.9714769"
2,3000,-37.817403 144.956776,Peter MacCallum Cancer Institute,305 Grattan Street,Melbourne,"-37.800197,144.9567095"
3,3000,-37.817403 144.956776,Vision Laser St Kilda Road,"Ground Floor, 600 St Kilda Rd",Melbourne,"-37.8507818,144.9803199"
5,3002,-37.818517 144.982207,East Melbourne Day Procedure Centre,116 - 118 Wellington Parade,East Melbourne,"-37.81621140000001,144.9863185"
6,3002,-37.818517 144.982207,Epworth Cliveden,29 Simpson Street,East Melbourne,"-37.8156998,144.9876459"
7,3002,-37.818517 144.982207,Epworth Freemasons,166 Clarendon Street,East Melbourne,"-37.810971,144.9836976"
8,3002,-37.818517 144.982207,Jolimont Endoscopy,19/201 Wellington Parade South,East Melbourne,"-37.8169074,144.9786466"
9,3002,-37.818517 144.982207,St Vincent's Private Hospital East Melbourne,159 Grey Street,East Melbourne,"-37.8124803,144.9845044"
10,3002,-37.818517 144.982207,The Royal Victorian Eye and Ear Hospital,32 Gisborne Street,East Melbourne,"-37.8089736,144.9760499"
11,3002,-37.818517 144.982207,Victoria Parade Surgery Centre,"Level 1, 100 Victoria Parade",East Melbourne,"-37.808603,144.9749085"
13,3004,-37.844246 144.970161,Alfred Health,Commercial Road,Melbourne,"-37.8458528,144.9863747"
14,3004,-37.844246 144.970161,The Alfred,Commercial Road ,Melbourne,"-37.8458528,144.9863747"
17,3008,-37.814719 144.948039,Specialist Surgicentre Docklands,"Tenancy 2, 22 Rakaia Way",Docklands,"-37.8146343,144.9413047"
19,3011,-37.807101 144.907953,Footscray Hospital,160 Gordon Street,Footscray,"-37.7928754,144.8889931"
20,3011,-37.807101 144.907953,Tweddle Child and Family Health Service,53 Adelaide Street,Footscray,"-37.7974006,144.8874343"
21,3011,-37.807101 144.907953,Vision Day Surgery Footscray,89 Paisley Street,Footscray,"-37.8006113,144.8950427"
22,3011,-37.807101 144.907953,Western Gastroenterology Services,30 Eleanor Street,Footscray,"-37.7919698,144.8851991"
23,3011,-37.807101 144.907953,Western Health,160 Gordon Street,Footscray,"-37.7928754,144.8889931"
24,3011,-37.807101 144.907953,Western Private Hospital,1-9 Marion St ,Footscray,"-37.793006,144.8852539"
28,3016,-37.863743 144.888461,Williamstown Hospital,77b Railway Crescent,Williamstown,"-37.8637942,144.892638"
29,3018,-37.86172 144.812736,Hobson's Bay Endoscopy Centre Altona,5 Sargood Street,Altona,"-37.8695719,144.8283957"
32,3021,-37.743361 144.796693,St Alban's Endoscopy Centre,328-330 Station Road,St Albans,"-37.7440308,144.7795293"
33,3021,-37.743361 144.796693,Sunshine Hospital,176 Furlong Road,St Albans,"-37.759284,144.8171848"
34,3021,-37.743361 144.796693,Sunshine Private Day Surgery,145 Furlong Road,St Albans,"-37.7610625,144.8163697"
43,3030,-37.91624 144.64209,Hobson's Bay Werribee Endoscopy Centre,179 Princes Highway,Werribee,"-37.890594,144.6864528"
44,3030,-37.91624 144.64209,Werribee Mercy Hospital,300 Princes Highway,Werribee,"-37.8870172,144.6979549"
45,3030,-37.91624 144.64209,Westpoint Endoscopy Day Hospital,243 Heaths Road,Werribee,"-37.8774866,144.6797607"
47,3032,-37.774486 144.897221,Northwest Day Hospital,221 Maribyrnong Road,Ascot Vale,"-37.77117399999999,144.9094447"
50,3036,-37.705324 144.82246,Keilor Private,771 Old Calder Highway,Keilor,"-37.71970719999999,144.8344738"
53,3039,-37.766184 144.922995,Essendon Day Procedure Centre,"Level 2, 665 Mount Alexander Road",Moonee Ponds,"-37.7658075,144.9237203"
54,3040,-37.751845 144.902556,Essendon Private Clinic,33-35 Rosehill Road,Essendon,"-37.7484696,144.8854029"
58,3044,-37.731138 144.936356,Dorset Rehabilitation Centre,146 Derby Street,Pascoe Vale,"-37.7232512,144.9476711"
61,3047,-37.681105 144.930247,Broadmeadows Health Service,35 Johnstone St,Broadmeadows,"-37.6843457,144.9128414"
64,3050,-37.800324 144.954581,Melbourne Health,"Level 8 South, RMH, 300 Grattan Street",Parkville,"-37.7986657,144.955973"
65,3050,-37.800324 144.954581,Melbourne Private Hospital,1f Royal Parade ,Parkville,"-37.7983026,144.9572802"
66,3050,-37.800324 144.954581,Royal Melbourne Hospital - City Campus,300 Grattan Street,Parkville,"-37.7988753,144.9552898"
68,3052,-37.788996 144.948903,Frances Perry House,Levels 6 & 7 Cnr Grattan St & Flemington Rd,Parkville,"-37.7996368,144.9551483"
69,3052,-37.788996 144.948903,Royal Melbourne Hospital - Royal Park Campus,34-55 Poplar Road,Parkville,"-37.7789873,144.9475955"
70,3052,-37.788996 144.948903,The Royal Children's Hospital,50 Flemington Road,Parkville,"-37.7902531,144.9433744"
71,3052,-37.788996 144.948903,The Royal Women's Hospital,Levels 6 & 7 Cnr Grattan St & Flemington Rd,Parkville,"-37.7996368,144.9551483"
72,3053,-37.803569 144.966112,Dental Health Services Victoria,720 Swanston Street,Carlton,"-37.7993667,144.9652277"
73,3054,-37.786971 144.96724,Victorian Sleep Centre,695-697 Rathdowne Street,Carlton North,"-37.7885635,144.9717339"
75,3056,-37.766292 144.960108,Brunswick Private Hospital,82 Moreland Road,Brunswick,"-37.756777,144.9714233"
77,3058,-37.739901 144.964524,Coburg Endoscopy Centre,15 Munro Street,Coburg,"-37.7451373,144.9647329"
78,3058,-37.739901 144.964524,John Fawkner Private Hospital,275 Moreland Road,Coburg,"-37.7543904,144.9584733"
84,3064,-37.546522 144.942199,Craigieburn Health Service,350 Craigieburn Road West,Craigieburn,"-37.5930147,144.9140568"
85,3065,-37.802608 144.977795,St Vincent's Health,41 Victoria Parade,Fitzroy,"-37.8076983,144.975057"
86,3065,-37.802608 144.977795,St Vincent's Hospital (Melbourne) Ltd,41 Victoria Parade,Fitzroy,"-37.8076983,144.975057"
87,3065,-37.802608 144.977795,St Vincent's Private Hospital Fitzroy,59 Victoria Parade,Fitzroy,"-37.8077459,144.976074"
93,3072,-37.74247 145.005702,Northern Health,201 Bell Street,Preston,"-37.7461819,145.0100486"
94,3072,-37.74247 145.005702,PANCH Health Service,300 Bell Street,Preston,"-37.7454271,145.0078748"
95,3073,-37.712474 145.005955,Reservoir Private Hospital,73-75 Pine Street,Reservoir,"-37.7176593,144.9979749"
98,3076,-37.643598 145.022137,The Northern Hospital,185 Cooper Street ,Epping,"-37.6531452,145.0150845"
99,3078,-37.778298 145.025853,Darebin Endoscopy Services,42 Station Street,Fairfield,"-37.7810669,145.0173668"
100,3079,-37.772675 145.048573,Ivanhoe Endoscopy and Day Procedure Centre,2/226 Upper Heidelberg Road,Ivanhoe,"-37.767005,145.044898"
101,3079,-37.772675 145.048573,North Eastern Rehabilitation Centre,134-142 Ford Street,Ivanhoe,"-37.7634294,145.0313179"
102,3081,-37.743008 145.046401,Austin Health - Heidelberg Repatriation Hospital,300 Waterdale Road,Heidelberg Heights,"-37.7568089,145.0464521"
103,3081,-37.743008 145.046401,Heidelberg Endoscopy and Day Surgery Centre,177-179 Northern Road,Heidelberg,"-37.73049630000001,145.0602223"
104,3082,-37.664858 145.065658,Southern Cross Specialist Centre Day Surgery,250 Childs Road,Mill Park,"-37.6620076,145.0529121"
105,3083,-37.701346 145.056223,Bundoora Extended Care Centre,1231 Plenty Road,Bundoora,"-37.7013275,145.0557508"
106,3083,-37.701346 145.056223,La Trobe Private Hospital,Cnr Plenty Road & Kingsbury Drive,Bundoora,"-37.7168339,145.0428975"
107,3083,-37.701346 145.056223,Northpark Private Hospital,10 Greenhills Road,Bundoora,"-37.6914695,145.0628904"
108,3083,-37.701346 145.056223,Victorian Gut Centre Bundoora,119 Plenty Road,Bundoora,"-37.6924925,145.0616985"
109,3084,-37.744406 145.082685,Austin Health,145 Studley Road,Heidelberg,"-37.7567527,145.0592739"
110,3084,-37.744406 145.082685,Austin Health - Austin Hospital,145 Studley Road,Heidelberg,"-37.7567527,145.0592739"
111,3084,-37.744406 145.082685,Mercy Hospital for Women,163 Studley Road,Heidelberg,"-37.7560391,145.0611386"
112,3084,-37.744406 145.082685,Warringal Private Hospital,216 Burgundy Street,Heidelberg,"-37.7547935,145.0606094"
116,3088,-37.700175 145.108339,Diamond Valley Renal Care Centre,Grimshaw Street,Greensborough,"-37.7030974,145.088389"
126,3101,-37.807397 145.036575,Caritas Christi Hospice Ltd,104 Studley Park Road,Kew,"-37.8046485,145.0156663"
127,3101,-37.807397 145.036575,Cotham Private Hospital,209 Cotham Road,Kew,"-37.8085829,145.0480886"
128,3101,-37.807397 145.036575,Kew Endoscopy Centre,"Units 4/5, 828 High Street",Kew,"-37.7946623,145.0626303"
129,3101,-37.807397 145.036575,Royal Talbot Rehabilitation Centre,1 Yarra Boulevard,Kew,"-37.7895446,145.0233079"
130,3101,-37.807397 145.036575,St George's Health Service,283 Cotham Road,Kew,"-37.8092933,145.0534073"
131,3101,-37.807397 145.036575,St Vincent's Private Hospital Kew,5 Studley Avenue,Kew,"-37.8065387,145.0237137"
137,3107,-37.765225 145.110677,Manningham Day Procedure Centre,"Level 3, 200 High Street",Lower Templestowe,"-37.7735889,145.1152518"
140,3111,-37.794054 145.186334,Donvale Rehabilitation Hospital,1119-1121 Doncaster Road,Donvale,"-37.789994,145.1714915"
145,3121,-37.823303 145.001788,Epworth Richmond,89 Bridge Road,Richmond,"-37.8177262,144.9930475"
146,3121,-37.823303 145.001788,Mercy Hospitals Victoria Limited,Shelley Street,Richmond,"-37.8111866,144.9936528"
147,3121,-37.823303 145.001788,The Melbourne Clinic ,130 Church Street,Richmond,"-37.8145753,144.9987497"
148,3121,-37.823303 145.001788,The Women's Clinic Day Surgical Centre,366 Church Street,Richmond,"-37.8229014,144.9979534"
149,3122,-37.822725 145.030602,Glenferrie Private Hospital,25 Linda Crescent,Hawthorn,"-37.8194771,145.0313533"
150,3122,-37.822725 145.030602,Hawthorn Birth and Development Centre,144 Barkers Road,Hawthorn,"-37.81412479999999,145.0303259"
151,3123,-37.829752 145.049415,Vision Day Surgery Camberwell,27 Denmark Hill Road,Hawthorn East,"-37.8324449,145.0555824"
152,3124,-37.840867 145.068191,Epworth Rehabilitation Camberwell,888 Toorak Road,Camberwell,"-37.8458631,145.0542881"
153,3125,-37.851305 145.101,Delmont Private Hospital,298 Warrigal Road,Burwood,"-37.857031,145.0943339"
154,3126,-37.827203 145.075748,Mercy Health - O'Connell Family Centre,6 Mont Albert Road,Canterbury,"-37.8167426,145.0616773"
156,3128,-37.828866 145.122393,Box Hill Hospital,51 Nelson Road ,Box Hill,"-37.8137575,145.1192459"
157,3128,-37.828866 145.122393,Eastern Health,"Level 4, 5 Arnold Street",Box Hill,"-37.814843,145.118358"
158,3128,-37.828866 145.122393,Epworth Eastern Hospital,1 Arnold Street,Box Hill,"-37.81478360000001,145.1190476"
159,3128,-37.828866 145.122393,Vision Day Surgery Eastern,852-856 Whitehorse Road,Box Hill,"-37.8177488,145.1195096"
161,3130,-37.81805 145.149653,Bellbird Private Hospital,198 Canterbury Road,Blackburn,"-37.8333161,145.156104"
162,3131,-37.817798 145.174489,Forest Hill Dialysis Centre,"Shops 26 & 27 Forest Hill Chase, 69 Mahoneys ",Forest Hill,"-37.8354108,145.1646721"
163,3131,-37.817798 145.174489,"Peter James Centre, The",321-345 Burwood Hwy,Forest Hill,"-37.85399140000001,145.1643808"
164,3132,-37.819222 145.196686,Mitcham Private Hospital,27 Doncaster East Road,Mitcham,"-37.8104018,145.1949405"
165,3133,-37.848786 145.192303,Dr Walters Vasectomy Centre,486 Burwood Highway,Vermont South,"-37.8570427,145.1831856"
166,3134,-37.823058 145.257929,Eastside Endoscopy Centre,33 Wantirna Road,Ringwood,"-37.8197766,145.2276901"
167,3135,-37.819594 145.248209,Maroondah Hospital,1-15 Mt Dandenong Rd,East Ringwood,"-37.8035047,145.2555597"
168,3135,-37.819594 145.248209,Ringwood Private Hospital,36 Mount Dandenong Road,Ringwood,"-37.8116215,145.243789"
169,3136,-37.779876 145.282396,Marie Stopes International Maroondah,411 Dorset Road,Croydon,"-37.8090897,145.2886489"
173,3140,-37.759154 145.363185,Yarra Ranges Health,25 Market Street,Lilydale,"-37.756521,145.3513794"
175,3142,-37.84411 145.017732,Toorak Cosmetic Surgery Day Centre,109 Mathoura Rd ,Toorak,"-37.84135029999999,145.0079609"
177,3144,-37.857443 145.034127,Cabrini Malvern,181-183 Wattletree Road,Malvern,"-37.8626027,145.0333328"
178,3144,-37.857443 145.034127,Malvern Dialysis Centre,"Ground Floor, 1133 Malvern Road",Malvern,"-37.8514647,145.0306918"
179,3144,-37.857443 145.034127,Stonnington Day Surgery,"Level 1, 253 Wattletree Road",Malvern,"-37.86365300000001,145.039398"
180,3144,-37.857443 145.034127,Toorak-Malvern Day Surgery Centre,30-32 Glenferrie Road,Malvern,"-37.8639714,145.0282973"
181,3145,-37.873557 145.049328,Malvern Private Hospital,3-9 Wilton Vale Crescent,Malvern East,"-37.8670659,145.0607454"
185,3149,-37.880748 145.128118,Waverley Endoscopy Suites,301 Blackburn Road,Mount Waverley,"-37.8803055,145.1465726"
186,3149,-37.880748 145.128118,Waverley Private Hospital,343-357 Blackburn Road,Mount Waverley,"-37.8844811,145.1455935"
187,3150,-37.914383 145.168834,The Glen Endoscopy Centre,302 Springvale Road,Glen Waverley,"-37.8846368,145.1653084"
188,3150,-37.914383 145.168834,The Victorian Rehabilitation Centre,499 Springvale Road,Glen Waverley,"-37.8978816,145.1609529"
190,3152,-37.864951 145.221695,Knox Private Hospital,262 Mountain Highway,Wantirna,"-37.8493969,145.2271597"
191,3152,-37.864951 145.221695,Wantirna Health,251 Mountain Highway,Wantirna,"-37.8482591,145.2261797"
192,3153,-37.845116 145.270141,Bayswater Day Procedure and Specialist Centre,664 Mountain Highway,Bayswater,"-37.8422484,145.2629995"
194,3155,-37.861799 145.284418,The Melbourne Eastern Private Hospital,157 Scoresby Road,Boronia,"-37.8552294,145.2689362"
195,3156,-37.917932 145.292895,Angliss Hospital,Albert Street,Upper Ferntree Gully,"-37.8989287,145.3132882"
199,3161,-37.873733 145.019929,Tarietta Day Surgery,73 Kooyong Road,Caulfield North,"-37.8701885,145.0177706"
200,3162,-37.892139 145.023394,Calvary Health Care Bethlehem Ltd.,476 Kooyong Road,Caulfield,"-37.8969028,145.0132125"
201,3162,-37.892139 145.023394,Caulfield Hospital,260 Kooyong Road,Caulfield,"-37.8826291,145.0161829"
202,3162,-37.892139 145.023394,Glen Eira Day Surgery,554 Hawthorn Road,Caulfield South,"-37.900589,145.0193881"
203,3162,-37.892139 145.023394,Melbourne Day Surgery,961 Glenhuntly Road,Caulfield,"-37.8877893,145.0304335"
206,3165,-37.922369 145.059426,"Monash Medical Centre, Moorabbin Campus",865 Centre Road,East Bentleigh,"-37.92081770000001,145.0631279"
209,3168,-37.91342 145.12665,Jessie McPherson Private Hospital,246 Clayton Road,Clayton,"-37.9194208,145.1240246"
210,3168,-37.91342 145.12665,Melbourne Endoscopy Monash Day Hospital (DPC),277 Clayton Road,Clayton,"-37.9214306,145.1201252"
211,3168,-37.91342 145.12665,Monash Health,246 Clayton Road,Clayton,"-37.9194208,145.1240246"
212,3168,-37.91342 145.12665,"Monash Medical Centre, Clayton Campus",246 Clayton Road,Clayton,"-37.9194208,145.1240246"
213,3168,-37.91342 145.12665,Monash Surgical Private Hospital,252-254 Clayton Road,Clayton,"-37.921911,145.120737"
214,3168,-37.91342 145.12665,Sir John Monash Private Hospital,212-220 Clayton Road,Clayton,"-37.9186278,145.1213553"
216,3170,-37.920945 145.167859,Mulgrave Private Hospital,535-559 Police Road,Mulgrave,"-37.9385903,145.2121015"
217,3171,-37.944608 145.156783,Springvale Endoscopy Services,20 Balmoral Avenue,Springvale,"-37.9494974,145.1495907"
220,3174,-37.966218 145.17877,Noble Park Endoscopy Centre,1304 Heatherton Road,Noble Park,"-37.9671065,145.1897207"
221,3174,-37.966218 145.17877,Queen Elizabeth Centre,53 Thomas Street,Noble Park,"-37.9720562,145.1782447"
222,3174,-37.966218 145.17877,South Eastern Private Hospital,313-329 Princes Highway,Noble Park,"-37.9659683,145.1926171"
223,3175,-38.016114 145.208504,Corymbia House,92-94 David Street,Dandenong,"-37.977232,145.21691"
224,3175,-38.016114 145.208504,Dandenong Eye Clinic,1-3 Falkiner Crescent,Dandenong,"-37.9742421,145.2233083"
225,3175,-38.016114 145.208504,Dandenong Hospital,105-135 David Street,Dandenong,"-37.9772138,145.218179"
226,3175,-38.016114 145.208504,Digestive Health Centre,90 David Street,Dandenong,"-37.9774213,145.2166427"
227,3175,-38.016114 145.208504,"St John of God Hospital Pinelodge Clinic, Dandenong",1480 Heatherton Road,Dandenong,"-37.97005600000001,145.2131907"
233,3181,-37.854683 144.995504,Cabrini Prahran,646 High Street,Prahran East,"-37.8542859,145.0088912"
234,3181,-37.854683 144.995504,The Avenue Private Hospital,40 The Avenue,Windsor,"-37.8549885,144.9987927"
235,3181,-37.854683 144.995504,The Victoria Clinic,324 Malvern Road,Prahran,"-37.8474996,144.9975553"
236,3181,-37.854683 144.995504,Windsor Private Hospital,20 The Avenue,Windsor,"-37.8561485,144.9982332"
237,3182,-37.865322 144.979478,Marie Stopes International East St Kilda,338 Dandenong Road,St Kilda East,"-37.8603205,145.0076811"
238,3183,-37.869072 144.999026,Masada Private Hospital,26-28 Balaclava Road,East St Kilda,"-37.869686,145.0031526"
239,3184,-37.881414 144.984034,St Kilda Day Hospital,26A Dickens Street,Elwood,"-37.873151,144.9820731"
240,3185,-37.891841 145.002571,Cabrini Health Elsternwick Rehabilitation Service,494 Glenhuntly Road,Elsternwick,"-37.88634,145.0091661"
241,3185,-37.891841 145.002571,Cabrini Hopetoun Rehabilitation,2-4 Hopetoun Street,Elsternwick,"-37.8850002,145.0101521"
242,3186,-37.915066 144.996329,Brighton Plastic Surgery Centre,206 New Street,Brighton,"-37.9124808,144.9918634"
243,3186,-37.915066 144.996329,Cabrini Brighton,243 New Street,Brighton,"-37.9118899,144.991304"
244,3186,-37.915066 144.996329,Epworth Rehabilitation Brighton,85-91 Wilson Street,Brighton,"-37.9137716,145.0029677"
246,3188,-37.938889 145.007238,Linacre Private Hospital,12-16 Linacre Road,Hampton,"-37.9426749,145.0031863"
247,3189,-37.942021 145.047802,Bayside Endoscopy Day Hospital,441 South Road,Moorabbin,"-37.9329457,145.0367547"
249,3191,-37.956585 145.013472,Sandringham Hospital,193 Bluff Road,Sandringham,"-37.9610523,145.0182493"
250,3192,-37.965655 145.0623,Chesterville Day Hospital,28 Chesterville Road,Cheltenham,"-37.9606602,145.0569606"
251,3192,-37.965655 145.0623,Kingston Centre,400 Warrigal Rd ,Cheltenham,"-37.9553327,145.0787355"
258,3199,-38.162578 145.135961,Bayside Day Procedure and Specialist Centre,141 Cranbourne Road,Frankston,"-38.1482553,145.143382"
259,3199,-38.162578 145.135961,Frankston Hospital,Hastings Rd,Frankston,"-38.1501429,145.1295737"
260,3199,-38.162578 145.135961,Peninsula Endoscopy Centre,17 Yuille Street,Frankston,"-38.1528388,145.1253838"
261,3199,-38.162578 145.135961,Peninsula Health,"c/- Frankston Hospital, Hastings Road",Frankston,"-38.1514184,145.1294675"
262,3199,-38.162578 145.135961,Peninsula Oncology Centre,24-28 Frankston-Flinders Road,Frankston,"-38.1544689,145.1329828"
263,3199,-38.162578 145.135961,Peninsula Private Hospital,49 McClelland Drive,Frankston,"-38.1211749,145.1904732"
264,3199,-38.162578 145.135961,"Southern Eye Centre, Day Surgery and Laser Centre",44 Cranbourne Road,Frankston,"-38.1458771,145.1321085"
265,3199,-38.162578 145.135961,St John of God Frankston Rehabilitation Hospital,255 Cranbourne Road,Frankston,"-38.1530342,145.1559507"
269,3204,-37.916956 145.036783,Bentleigh Surgicentre,155 Jasper Road,Bentleigh,"-37.9202672,145.0410907"
270,3205,-37.831693 144.958176,Albert Road Clinic,31-33 Albert Road,South Melbourne,"-37.8342645,144.9722408"
281,3219,-38.17277 144.389533,The Geelong Clinic,98 Townsend Road,Whittington,"-38.18206259999999,144.3932424"
282,3220,-38.157038 144.34652,Barwon Health,272-322 Ryrie Street,Geelong,"-38.1513113,144.3659659"
283,3220,-38.157038 144.34652,Geelong Private Hospital,272 Ryrie St,Geelong,"-38.1513113,144.3659659"
284,3220,-38.157038 144.34652,Monash IVF Clinic,142 Little Ryrie Street,Geelong,"-38.1517039,144.3636478"
285,3220,-38.157038 144.34652,Specialist Surgicentre Geelong,200 Malop Street,Geelong,"-38.1491529,144.3664453"
286,3220,-38.157038 144.34652,"St John of God Hospital, Geelong",80 Myers Street,Geelong,"-38.1512687,144.3578621"
306,3241,-38.20363 143.892824,Hesse Rural Health Service,8 Gosney Street,Winchelsea,"-38.2432465,143.9855197"
310,3250,-38.311513 143.584742,Colac Area Health,2-28 Conner St,Colac,"-38.340993,143.5821532"
313,3260,-38.209584 143.244766,"South West Healthcare, Camperdown Campus",9 Robinson Street,Camperdown,"-38.2367864,143.138024"
314,3264,-38.232443 142.884394,Terang and Mortlake Health Service,1 Austin Avenue,Terang,"-38.2406102,142.902183"
316,3266,-38.407094 143.133721,Cobden District Health Service Inc.,5 Victoria Street,Cobden,"-38.3324437,143.0760836"
318,3268,-38.535802 142.908911,Timboon and District Healthcare Service,21 Hospital Road,Timboon,"-38.4861894,142.9768246"
330,3280,-38.37884 142.482889,South West Healthcare,Ryot Street,Warrnambool,"-38.3788959,142.4749675"
331,3280,-38.37884 142.482889,"South West Healthcare, Warrnambool Campus",Ryot Street,Warrnambool,"-38.3788959,142.4749675"
332,3280,-38.37884 142.482889,"St John of God Hospital, Warrnambool",136 Botanic Road,Warrnambool,"-38.3716646,142.4783381"
336,3284,-38.270398 142.119266,Moyne Health Services,Villiers Street,Port Fairy,"-38.383194,142.2275249"
344,3300,-37.743155 142.013356,Western District Health Service,20 Foster Street,Hamilton,"-37.7371413,142.0305623"
348,3304,-38.182084 141.952156,Heywood Rural Health,21 Barclay Street,Heywood,"-38.136992,141.6247148"
349,3305,-38.235475 141.437227,Portland District Health,Bentinck Street,Portland,"-38.3453172,141.6063886"
352,3311,-37.468159 141.229722,Casterton Memorial Hospital,63-69 Russell Street,Casterton,"-37.5900342,141.3925806"
355,3315,-37.408371 141.687516,"Western District Health Service, Coleraine Campus",71 McLeod Street,Coleraine,"-37.5996704,141.6920629"
357,3318,-37.025316 141.269571,Grampians Health [Edenhope and District Hospital],128-134 Elizabeth Street,Edenhope,"-37.0356022,141.2888594"
373,3337,-37.65724033 144.5462424,Melton Health,195-209 Barries Road,Melton,"-37.68685019999999,144.5576761"
375,3340,-37.787135 144.394442,Western Health [Djerriwarrh Health Services],Lot 4 Grant Street,Bacchus Marsh,"-37.6760501,144.4354389"
377,3342,-37.651463 144.239102,Ballan District Health and Care,33 Cowie Street,Ballan,"-37.59978479999999,144.2223631"
379,3350,-37.571941 143.864505,"St John of God Hospital, Ballarat",101 Drummond Street North,Ballarat,"-37.5582887,143.847369"
382,3353,-37.7778 144.835743,Grampians Health [Ballarat Health Services],Drummond Street North,Ballarat,"-37.5554488,143.8484246"
384,3355,-37.530285 143.82561,Ballarat Day Procedure Centre,1119/1123 Howitt Street,Ballarat,"-37.5408632,143.8321883"
394,3373,-37.457785 143.343429,Beaufort and Skipton Health Service,28 Havelock Street,Beaufort,"-37.4309395,143.3823655"
397,3377,-37.231524 142.956916,East Grampians Health Service,Lot 5B Girdlestone Street ,Ararat,"-37.2790462,142.9327785"
400,3380,-37.0666 142.771159,Grampians Health [Stawell Regional Health],27-29 Sloane Street ,Stawell,"-37.0588492,142.7809009"
409,3393,-36.257725 142.387341,Rural Northwest Health,Lot 1 Dimboola Road,Warracknabeal,"-36.2537958,142.3858333"
413,3400,-36.725245 142.203729,Grampians Health [Wimmera Health Care Group],83 Baillie Street,Horsham,"-36.7126524,142.2088201"
422,3418,-36.074144 141.538074,West Wimmera Health Service,49 Nelson Street,Nhill,"-36.3337613,141.6552195"
429,3429,-37.56762 144.728973,Sunbury Day Hospital,Macedon,Sunbury,"-37.5799088,144.7351341"
445,3450,-37.061635 144.214903,Dhelkaya Health [Castlemaine Health],142 Cornish Street,Castlemaine,"-37.05223180000001,144.2122356"
449,3460,-37.351704 144.144216,Central Highlands Rural Health,13 Hospital Street,Daylesford,"-37.3374196,144.1465291"
452,3463,-36.957983 144.05651,Dhelkaya Health [Maldon Hospital],Chapel Street,Maldon,"-36.9910449,144.0636284"
454,3465,-37.021478 143.611335,Maryborough District Health Service,75-87 Clarendon St,Maryborough,"-37.0451603,143.7384714"
461,3478,-36.688551 143.230699,East Wimmera Health Service,52 North Western Road,St Arnaud,"-36.6095315,143.2466059"
469,3490,-35.62103426 141.4849679,Mallee Track Health and Community Service,28 Britt Street,Ouyen,"-35.0745228,142.3124152"
474,3500,-34.1931 142.154161,Mildura Private Hospital,220 Thirteenth Street,Mildura,"-34.1850441,142.1453769"
484,3517,-36.483116 143.886832,Inglewood and District Health Service,3 Hospital Street,Inglewood,"-36.5722632,143.8738929"
489,3523,-36.837461 144.768359,Heathcote Health,39 Hospital Street,Heathcote,"-36.9265035,144.7093934"
496,3537,-36.079335 143.744455,Boort District Health,31 Kiniry Street,Boort,"-36.1118062,143.7278359"
501,3549,-34.766049 142.820973,Robinvale District Health Services,128-132 Latje Road,Robinvale,"-34.5841137,142.7810854"
502,3550,-36.764269 144.285267,Appearance Medical Centre,57 Garsed Street,Bendigo,"-36.765123,144.2797671"
503,3550,-36.764269 144.285267,Bendigo Day Surgery,1-7 Chum Street,Bendigo,"-36.7622016,144.261545"
504,3550,-36.764269 144.285267,Bendigo Health,62 Lucan St ,Bendigo,"-36.7492527,144.284141"
505,3550,-36.764269 144.285267,"St John of God Hospital, Bendigo",133-145 Lily Street ,Bendigo,"-36.7620899,144.2632361"
514,3561,-36.321109 144.709543,Rochester and Elmore District Health Service,1 Pascoe Street,Rochester,"-36.3658135,144.6979363"
517,3564,-36.18096611 144.6014151,Echuca Regional Health,9-27 Frances Street,Echuca,"-36.1381961,144.7488192"
521,3568,-35.809462 144.184089,Cohuna District Hospital,144-158 King George Street,Cohuna,"-35.8001404,144.214509"
528,3579,-35.767974 143.769445,Kerang District Health,13 Burgoyne Street,Kerang,"-35.724085,143.9184734"
533,3585,-35.348388 143.336906,Swan Hill District Health,48 Splatt Street,Swan Hill,"-35.3401872,143.556462"
545,3608,-36.740713 145.095753,Nagambie HealthCare,22 Church Street,Nagambie,"-36.780532,145.15046"
553,3620,-36.284584 145.082735,Kyabram District Health Service,88 Fenaughty Street,Kyabram,"-36.31558,145.0423611"
559,3630,-36.380853 145.403176,Goulburn Valley Health,2 Graham Street,Shepparton,"-36.3626385,145.4046543"
560,3630,-36.380853 145.403176,Shepparton Private Hospital,20 Fitzgerald Street,Shepparton,"-36.3589924,145.4113226"
566,3636,-36.093878 145.479471,NCN Health,2 Katamatitie Road,Numurkah,"-36.0883415,145.442323"
579,3660,-37.035925 145.257867,Seymour Health,Lot 2 Bretonneux Street ,Seymour,"-37.0186576,145.139496"
585,3666,-36.786777 145.565512,Euroa Health Inc,36 Kennedy Street,Euroa,"-36.7593438,145.5702708"
589,3672,-36.554936 145.977761,Benalla Health,45-63 Coster Street,Benalla,"-36.555396,145.9946077"
593,3677,-36.358017 146.330564,Northeast Health Wangaratta,35-47 Green Street,Wangaratta,"-36.3543538,146.3142727"
594,3677,-36.358017 146.330564,Wangaratta Private Hospital,134-150 Templeton Street,Wangaratta,"-36.3493,146.312423"
602,3690,-36.135717 146.864361,Albury Wodonga Health,69 Vermont Street,Wodonga,"-36.1319554,146.8798654"
603,3690,-36.135717 146.864361,Murray Valley Private Hospital,63 Pearce St ,Wodonga,"-36.1374861,146.8794739"
610,3700,-36.335898 147.35527,Tallangatta Health Service,Barree Street,Tallangatta,"-36.2146031,147.1826732"
614,3707,-36.586316 148.037958,Corryong Health,20 Kiell Street,Corryong,"-36.1988504,147.9030344"
620,3714,-37.210538 145.687889,Alexandra District Health,20 Cooper Street,Alexandra,"-37.1940818,145.7172472"
622,3717,-37.286611 145.435776,Yea and District Memorial Hospital,45 Station Street,Yea,"-37.213684,145.4308514"
626,3722,-37.202634 146.253268,Mansfield District Hospital,53 Highett Street,Mansfield,"-37.05760480000001,146.0865084"
633,3730,-36.051782 145.974755,Yarrawonga Health,33 Piper Street,Yarrawonga,"-36.0115157,146.0069717"
638,3737,-36.554037 146.82759,Alpine Health,30 O'Donnell Avenue,Myrtleford,"-36.5544039,146.7293605"
645,3747,-36.361056 146.725705,Beechworth Health Service,52 Sydney Road,Beechworth,"-36.3498063,146.6907159"
646,3749,-36.42031113 146.8638108,Yackandandah Bush Nursing Hospital Inc.,20 Isaacs Avenue,Yackandandah,"-36.3105807,146.8455109"
661,3764,-37.263736 144.900644,Kilmore District Health,Rutledge Street,Kilmore,"-37.3004803,144.9528104"
667,3777,-37.606088 145.513804,Healesville and District Hospital,377 Maroondah Highway,Healesville,"-37.6468041,145.5289292"
690,3806,-38.025018 145.349488,Berwick Surgicentre,22 Langmore Lane,Berwick,"-38.0336851,145.3464527"
691,3806,-38.025018 145.349488,Casey Hospital,52 Kangan Drive,Berwick,"-38.0423342,145.3460756"
692,3806,-38.025018 145.349488,Hyperbaric Health Wound Centre Berwick,3 Gibb Street,Berwick,"-38.0344013,145.3443999"
693,3806,-38.025018 145.349488,"St John of God Hospital, Berwick",44 Gloucester Avenue ,Berwick,"-38.0342592,145.3455249"
704,3820,-38.207476 145.922212,West Gippsland Healthcare Group,41 Landsborough Street,Warragul,"-38.1729995,145.9276797"
710,3831,-37.993258 146.013136,Neerim District Soldiers Memorial Hospital,29 Main Road,Neerim,"-37.9627552,145.954065"
714,3840,-38.245215 146.424457,Maryvale Private Hospital,McDonald Street,Morwell,"-38.2343425,146.4065983"
717,3844,-38.316869 146.607101,Latrobe Regional Hospital,Cnr Princes Highway & Village Avenue ,Traralgon West,"-38.2207258,146.4715822"
719,3850,-38.224191 147.106181,Central Gippsland Health Service,155 Guthridge Parade,Sale,"-38.1077223,147.0807548"
726,3858,-37.3690401 146.8291658,Heyfield Hospital Inc.,21 Tyson Road,Heyfield,"-37.9761299,146.7848101"
737,3875,-37.826032 147.63201,Bairnsdale Regional Health Service,122 Day St,Bairnsdale,"-37.8313964,147.6077414"
744,3888,-37.39051 148.660943,Orbost Regional Health,Boundary Road,Orbost,"-37.7006122,148.4600671"
752,3898,-37.066169 147.464799,Omeo District Health,12 Easton Street,Omeo,"-37.09841480000001,147.5969877"
762,3915,-38.305806 145.136622,The Bays Hospital - Hastings,86 Victoria St,Hastings,"-38.3033477,145.1902384"
775,3930,-38.195017 145.093743,"Mount Eliza Rehabilitation, Aged and Palliative Care",33 Jacksons Rd,Mt Eliza,"-38.16815570000001,145.0869529"
776,3931,-38.230038 145.049503,Beleura Private Hospital,925 Nepean Highway,Mornington,"-38.2254286,145.0487346"
777,3931,-38.230038 145.049503,The Bays Hospital,262-268 Main Street,Mornington,"-38.2240327,145.0418601"
783,3939,-38.42776 144.900413,Rosebud Hospital,1527 Point Nepean Road,Rosebud,"-38.3622539,144.8849173"
784,3940,-38.37363083 144.8754149,Rosebud Endoscopy,1537 Point Nepean Road,Rosebud West,"-38.361856,144.883633"
793,3953,-38.460127 145.995174,Gippsland Southern Health Service,66 Koonwarra Road,Leongatha,"-38.4874581,145.950678"
799,3960,-39.140761 146.360412,South Gippsland Hospital,87 Station Road,Foster,"-38.6588006,146.2061303"
805,3971,-38.631942 146.815723,Yarram and District Health Service,85 Commercial Road,Yarram,"-38.5571285,146.6783055"
807,3976,-38.043995 145.264296,The Hampton Park Women's Health Care Centre,2 Warana Drive,Hampton Park,"-38.0315896,145.2684897"
808,3977,-38.1466398 145.2695101,Cranbourne Integrated Care Centre,140-154 Sladen Street,Cranbourne,"-38.1132683,145.2810914"
812,3981,-38.207298 145.575,Kooweerup Regional Health Service,Rossiter Rd,Kooweerup,"-38.2021198,145.483986"
820,3995,-38.578071 145.630713,Bass Coast Health,235 Graham Street,Wonthaggi,"-38.6085912,145.581454"
